"","study_id","study","ClinicalTrials","vaccine","vaccine_type","dose_unit","standard_dosage","location","vaccination_schedule","against_strain","assay","conv","conv_lower","conv_upper","conv_N","dosage_tested","dose_frac","age","age_group","measured_day","schedule_type","N","nab_measurement","nab","nab_lower","nab_upper","derived_from","logTiter_vaccine","logTiter_conv","sd_vaccine","sd_conv","se_vaccine","se_conv","log_ratio_to_conv","ratio_to_conv","se_sd_conv","se_log_ratio_to_conv","mean_sd_vaccine","se_sd_vaccine","log_ratio_lower","log_ratio_upper"
"1",1,"Jackson et al. 2020","NCT04283461","mRNA-1273","mRNA","ug","100","Seattle & Atlanta, US","Day 0/28","wild-type SARS-CoV-2","PsVNA ID50",109.2,59.6,199.9,38,"25",0.25,"18-55","adult","0","prime",15,"GMT/CI",10,10,10,"Table 2",1,2.03822263836872,0.44734451237116,0.826482067349715,0.115503856428719,0.134073095504561,-1.03822263836872,0.0915750915750916,0.0960765887935146,0.176965351942354,0.439427754143635,0.0816731365040664,-1.38507472817573,-0.691370548561704
"2",1,"Jackson et al. 2020","NCT04283461","mRNA-1273","mRNA","ug","100","Seattle & Atlanta, US","Day 0/28","wild-type SARS-CoV-2","PsVNA ID50",109.2,59.6,199.9,38,"100",1,"18-55","adult","0","prime",15,"GMT/CI",10,10,10,"Table 2",1,2.03822263836872,0.44734451237116,0.826482067349715,0.115503856428719,0.134073095504561,-1.03822263836872,0.0915750915750916,0.0960765887935146,0.176965351942354,0.440410306770514,0.0835713327128632,-1.38507472817573,-0.691370548561704
"3",1,"Jackson et al. 2020","NCT04283461","mRNA-1273","mRNA","ug","100","Seattle & Atlanta, US","Day 0/28","wild-type SARS-CoV-2","PsVNA ID50",109.2,59.6,199.9,38,"250",2.5,"18-55","adult","0","prime",15,"GMT/CI",10,10,10,"Table 2",1,2.03822263836872,0.44734451237116,0.826482067349715,0.115503856428719,0.134073095504561,-1.03822263836872,0.0915750915750916,0.0960765887935146,0.176965351942354,0.439239843040382,0.0835297045612464,-1.38507472817573,-0.691370548561704
"4",1,"Jackson et al. 2020","NCT04283461","mRNA-1273","mRNA","ug","100","Seattle & Atlanta, US","Day 0/28","wild-type SARS-CoV-2","Live virus PRNT80",158.3,15.1,1663,3,"25",0.25,"18-55","adult","0","prime",15,"GMT/CI",4,4,4,"Table 2",0.602059991327962,2.19948091486236,0.44734451237116,0.902219655022649,0.115503856428719,0.520896760695498,-1.59742092353439,0.0252684775742262,0.451109827511324,0.533549038189526,0.437747617951592,0.0851223773473386,-2.64317703838586,-0.551664808682922
"5",1,"Jackson et al. 2020","NCT04283461","mRNA-1273","mRNA","ug","100","Seattle & Atlanta, US","Day 0/28","wild-type SARS-CoV-2","Live virus PRNT80",158.3,15.1,1663,3,"100",1,"18-55","adult","0","prime",15,"GMT/CI",4,4,4,"Table 2",0.602059991327962,2.19948091486236,0.44734451237116,0.902219655022649,0.115503856428719,0.520896760695498,-1.59742092353439,0.0252684775742262,0.451109827511324,0.533549038189526,0.435937256530815,0.0814844526354826,-2.64317703838586,-0.551664808682922
"6",1,"Jackson et al. 2020","NCT04283461","mRNA-1273","mRNA","ug","100","Seattle & Atlanta, US","Day 0/28","wild-type SARS-CoV-2","PsVNA ID50",109.2,59.6,199.9,38,"25",0.25,"18-55","adult","14","prime",15,"GMT/CI",14.5,9.8,21.4,"Table 2",1.16136800223497,2.03822263836872,0.335119465373168,0.826482067349715,0.0865274738920142,0.134073095504561,-0.876854636133744,0.132783882783883,0.0960765887935146,0.159570043166969,0.329188779489409,0.0611838461938782,-1.189611920741,-0.564097351526484
"7",1,"Jackson et al. 2020","NCT04283461","mRNA-1273","mRNA","ug","100","Seattle & Atlanta, US","Day 0/28","wild-type SARS-CoV-2","PsVNA ID50",109.2,59.6,199.9,38,"100",1,"18-55","adult","14","prime",15,"GMT/CI",23.7,13.3,42.3,"Table 2",1.3747483460101,2.03822263836872,0.496461854345661,0.826482067349715,0.128185899593866,0.134073095504561,-0.663474292358615,0.217032967032967,0.0960765887935146,0.185491832145957,0.488766289795951,0.0927472622584496,-1.02703828336469,-0.299910301352538
"8",1,"Jackson et al. 2020","NCT04283461","mRNA-1273","mRNA","ug","100","Seattle & Atlanta, US","Day 0/28","wild-type SARS-CoV-2","PsVNA ID50",109.2,59.6,199.9,38,"250",2.5,"18-55","adult","14","prime",15,"GMT/CI",26.1,14.1,48.3,"Table 2",1.41664050733828,2.03822263836872,0.528314466540005,0.826482067349715,0.136410208697993,0.134073095504561,-0.621582131030437,0.239010989010989,0.0960765887935146,0.191267718068693,0.518742841236551,0.0986486926409519,-0.996466858445077,-0.246697403615798
"9",1,"Jackson et al. 2020","NCT04283461","mRNA-1273","mRNA","ug","100","Seattle & Atlanta, US","Day 0/28","wild-type SARS-CoV-2","PsVNA ID50",109.2,59.6,199.9,38,"25",0.25,"18-55","adult","28","prime",15,"GMT/CI",11.7,9.7,14.1,"Table 2",1.06818586174616,2.03822263836872,0.160498977330657,0.826482067349715,0.0414406577523304,0.134073095504561,-0.970036776622557,0.107142857142857,0.0960765887935146,0.140331475632237,0.157055788250888,0.0305403422516263,-1.24508646886174,-0.694987084383373
"10",1,"Jackson et al. 2020","NCT04283461","mRNA-1273","mRNA","ug","100","Seattle & Atlanta, US","Day 0/28","wild-type SARS-CoV-2","PsVNA ID50",109.2,59.6,199.9,38,"100",1,"18-55","adult","28","prime",15,"GMT/CI",18.2,12.1,27.4,"Table 2",1.26007138798507,2.03822263836872,0.35070772424772,0.826482067349715,0.0905523450265148,0.134073095504561,-0.778151250383644,0.166666666666667,0.0960765887935146,0.161787892402294,0.341764700191219,0.0638819213270035,-1.09525551949214,-0.461046981275148
"11",1,"Jackson et al. 2020","NCT04283461","mRNA-1273","mRNA","ug","100","Seattle & Atlanta, US","Day 0/28","wild-type SARS-CoV-2","PsVNA ID50",109.2,59.6,199.9,38,"250",2.5,"18-55","adult","28","prime",14,"GMT/CI",20.7,13.3,32.2,"Table 2",1.31597034545692,2.03822263836872,0.366533741443534,0.826482067349715,0.0979602629410064,0.134073095504561,-0.722252292911801,0.18956043956044,0.0960765887935146,0.166047607792604,0.360820268514531,0.0727980436603595,-1.0477056041853,-0.396798981638297
"12",1,"Jackson et al. 2020","NCT04283461","mRNA-1273","mRNA","ug","100","Seattle & Atlanta, US","Day 0/28","wild-type SARS-CoV-2","PsVNA ID50",109.2,59.6,199.9,38,"25",0.25,"18-55","adult","36","prime",13,"GMT/CI",105.8,69.8,160.4,"Table 2",2.02448566769917,2.03822263836872,0.33236278986782,0.826482067349715,0.0921808523788223,0.134073095504561,-0.0137369706695516,0.968864468864469,0.0960765887935146,0.162704961459267,0.322504138564905,0.0679277068195507,-0.332638695129714,0.305164753790611
"13",1,"Jackson et al. 2020","NCT04283461","mRNA-1273","mRNA","ug","100","Seattle & Atlanta, US","Day 0/28","wild-type SARS-CoV-2","PsVNA ID50",109.2,59.6,199.9,38,"100",1,"18-55","adult","36","prime",15,"GMT/CI",256.3,182,361.1,"Table 2",2.40874860618424,2.03822263836872,0.293987199380951,0.826482067349715,0.0759071684800388,0.134073095504561,0.370525967815526,2.3470695970696,0.0960765887935146,0.154069767199254,0.291491300149606,0.0557513710376941,0.0685492241049885,0.672502711526063
"14",1,"Jackson et al. 2020","NCT04283461","mRNA-1273","mRNA","ug","100","Seattle & Atlanta, US","Day 0/28","wild-type SARS-CoV-2","PsVNA ID50",109.2,59.6,199.9,38,"250",2.5,"18-55","adult","36","prime",14,"GMT/CI",373.5,308.6,452.2,"Table 2",2.57229060615142,2.03822263836872,0.158385346318108,0.826482067349715,0.042330264357707,0.134073095504561,0.534067967782699,3.42032967032967,0.0960765887935146,0.14059675038481,0.156592273149076,0.0306033479034653,0.258498337028471,0.809637598536927
"15",1,"Jackson et al. 2020","NCT04283461","mRNA-1273","mRNA","ug","100","Seattle & Atlanta, US","Day 0/28","wild-type SARS-CoV-2","PsVNA ID50",109.2,59.6,199.9,38,"25",0.25,"18-55","adult","42","prime",13,"GMT/CI",112.3,71.2,177.1,"Table 2",2.05037975626146,2.03822263836872,0.36399380025301,0.826482067349715,0.100953716212556,0.134073095504561,0.0121571178927393,1.02838827838828,0.0960765887935146,0.167831009516419,0.355295819684014,0.0731735667557555,-0.316791660759443,0.341105896544921
"16",1,"Jackson et al. 2020","NCT04283461","mRNA-1273","mRNA","ug","100","Seattle & Atlanta, US","Day 0/28","wild-type SARS-CoV-2","PsVNA ID50",109.2,59.6,199.9,38,"100",1,"18-55","adult","42","prime",14,"GMT/CI",343.8,261.2,452.7,"Table 2",2.53630587235103,2.03822263836872,0.227971283085539,0.826482067349715,0.0609278882378101,0.134073095504561,0.498083233982315,3.14835164835165,0.0960765887935146,0.147267791805589,0.225809897117495,0.043336503182864,0.209438362043361,0.78672810592127
"17",1,"Jackson et al. 2020","NCT04283461","mRNA-1273","mRNA","ug","100","Seattle & Atlanta, US","Day 0/28","wild-type SARS-CoV-2","PsVNA ID50",109.2,59.6,199.9,38,"250",2.5,"18-55","adult","42","prime",14,"GMT/CI",332.2,266.3,414.5,"Table 2",2.52139962811538,2.03822263836872,0.183411242460338,0.826482067349715,0.0490187164406508,0.134073095504561,0.483176989746657,3.04212454212454,0.0960765887935146,0.142753036744106,0.179278141014951,0.0359337912299826,0.203381037728209,0.762972941765106
"18",1,"Jackson et al. 2020","NCT04283461","mRNA-1273","mRNA","ug","100","Seattle & Atlanta, US","Day 0/28","wild-type SARS-CoV-2","Live virus PRNT80",158.3,15.1,1663,3,"25",0.25,"18-55","adult","42","prime",13,"GMT/CI",339.7,184,627.1,"Table 2",2.53109554687003,2.19948091486236,0.489802163135793,0.902219655022649,0.135846678001483,0.520896760695498,0.331614632007672,2.14592545799116,0.451109827511324,0.538319380319064,0.480313340672741,0.0991709161797485,-0.723491353417693,1.38672061743304
"19",1,"Jackson et al. 2020","NCT04283461","mRNA-1273","mRNA","ug","100","Seattle & Atlanta, US","Day 0/28","wild-type SARS-CoV-2","Live virus PRNT80",158.3,15.1,1663,3,"100",1,"18-55","adult","42","prime",14,"GMT/CI",654.3,460.1,930.5,"Table 2",2.81577692029836,2.19948091486236,0.291948682271088,0.902219655022649,0.0780265673984667,0.520896760695498,0.616296005436006,4.13329121920404,0.451109827511324,0.526708249909805,0.288831230378426,0.0572937449395435,-0.416052164387212,1.64864417525922
"20",1,"Jackson et al. 2020","NCT04283461","mRNA-1273","mRNA","ug","100","Seattle & Atlanta, US","Day 0/28","wild-type SARS-CoV-2","PsVNA ID50",109.2,59.6,199.9,38,"25",0.25,"18-55","adult","56","prime",13,"GMT/CI",80.7,51,127.6,"Table 2",1.90687353472207,2.03822263836872,0.366331826171396,0.826482067349715,0.10160216793041,0.134073095504561,-0.131349103646648,0.739010989010989,0.0960765887935146,0.1682218638178,0.360181155491581,0.0719773393997777,-0.461063956729536,0.19836574943624
"21",1,"Jackson et al. 2020","NCT04283461","mRNA-1273","mRNA","ug","100","Seattle & Atlanta, US","Day 0/28","wild-type SARS-CoV-2","PsVNA ID50",109.2,59.6,199.9,38,"100",1,"18-55","adult","56","prime",14,"GMT/CI",231.8,163.2,329.3,"Table 2",2.36511343162758,2.03822263836872,0.291001271800537,0.826482067349715,0.0777733612995064,0.134073095504561,0.326890793258859,2.12271062271062,0.0960765887935146,0.154997711808913,0.286760118945462,0.0569736158149573,0.0230952781133896,0.630686308404328
"22",1,"Jackson et al. 2020","NCT04283461","mRNA-1273","mRNA","ug","100","Seattle & Atlanta, US","Day 0/28","wild-type SARS-CoV-2","PsVNA ID50",109.2,59.6,199.9,38,"250",2.5,"18-55","adult","56","prime",14,"GMT/CI",270.2,221,330.3,"Table 2",2.43168534468601,2.03822263836872,0.166576582405878,0.826482067349715,0.0445194642873223,0.134073095504561,0.393462706317293,2.47435897435897,0.0960765887935146,0.141271290921423,0.16319274603191,0.0321477328656921,0.116570976111304,0.670354436523283
"23",2,"Anderson et al. 2020","NCT04283461","mRNA-1273","mRNA","ug","100","Seattle & Bethesda, US","Day 0/28","wild-type SARS-CoV-2","PsVNA ID50",106,60,189,41,"25",0.4,"56-70","elderly","0","prime",10,"GMT/CI",10,10,10,"Table S4, Table S5",1,2.02530586526477,0.44734451237116,0.813965404270096,0.141462755787024,0.127120039232041,-1.02530586526477,0.0943396226415094,0.0910040987640516,0.19018731726699,0.435092808904696,0.106299707774433,-1.39807300710807,-0.65253872342147
"24",2,"Anderson et al. 2020","NCT04283461","mRNA-1273","mRNA","ug","100","Seattle & Bethesda, US","Day 0/28","wild-type SARS-CoV-2","PsVNA ID50",106,60,189,41,"25",0.4,">=71","elderly","0","prime",10,"GMT/CI",10,10,10,"Table S4, Table S5",1,2.02530586526477,0.44734451237116,0.813965404270096,0.141462755787024,0.127120039232041,-1.02530586526477,0.0943396226415094,0.0910040987640516,0.19018731726699,0.436612861636241,0.105969907506038,-1.39807300710807,-0.65253872342147
"25",2,"Anderson et al. 2020","NCT04283461","mRNA-1273","mRNA","ug","100","Seattle & Bethesda, US","Day 0/28","wild-type SARS-CoV-2","PsVNA ID50",106,60,189,41,"100",1,"56-70","elderly","0","prime",10,"GMT/CI",10,10,10,"Table S4, Table S5",1,2.02530586526477,0.44734451237116,0.813965404270096,0.141462755787024,0.127120039232041,-1.02530586526477,0.0943396226415094,0.0910040987640516,0.19018731726699,0.430927526576414,0.102855374442798,-1.39807300710807,-0.65253872342147
"26",2,"Anderson et al. 2020","NCT04283461","mRNA-1273","mRNA","ug","100","Seattle & Bethesda, US","Day 0/28","wild-type SARS-CoV-2","PsVNA ID50",106,60,189,41,"100",1,">=71","elderly","0","prime",10,"GMT/CI",10,10,10,"Table S4, Table S5",1,2.02530586526477,0.44734451237116,0.813965404270096,0.141462755787024,0.127120039232041,-1.02530586526477,0.0943396226415094,0.0910040987640516,0.19018731726699,0.443087093641545,0.10558631019166,-1.39807300710807,-0.65253872342147
"27",2,"Anderson et al. 2020","NCT04283461","mRNA-1273","mRNA","ug","100","Seattle & Bethesda, US","Day 0/28","wild-type SARS-CoV-2","PsVNA ID50",106,60,189,41,"100",1,"18-55","adult","0","prime",15,"GMT/CI",10,10,10,"Table S4, Table S5",1,2.02530586526477,0.44734451237116,0.813965404270096,0.115503856428719,0.127120039232041,-1.02530586526477,0.0943396226415094,0.0910040987640516,0.171757518683351,0.441043430247821,0.0834076445531324,-1.36195060188414,-0.688661128645402
"28",2,"Anderson et al. 2020","NCT04283461","mRNA-1273","mRNA","ug","100","Seattle & Bethesda, US","Day 0/28","wild-type SARS-CoV-2","PsVNA ID80",41,26,66,41,"25",0.4,"56-70","elderly","0","prime",10,"GMT/CI",10,10,10,"Table S4, Table S5",1,1.61278385671974,0.44734451237116,0.660845850772613,0.141462755787024,0.103206782543635,-0.612783856719735,0.24390243902439,0.0738848122488123,0.175109540682021,0.436430447476614,0.103674721084677,-0.955998556456497,-0.269569156982974
"29",2,"Anderson et al. 2020","NCT04283461","mRNA-1273","mRNA","ug","100","Seattle & Bethesda, US","Day 0/28","wild-type SARS-CoV-2","PsVNA ID80",41,26,66,41,"25",0.4,">=71","elderly","0","prime",10,"GMT/CI",10,10,10,"Table S4, Table S5",1,1.61278385671974,0.44734451237116,0.660845850772613,0.141462755787024,0.103206782543635,-0.612783856719735,0.24390243902439,0.0738848122488123,0.175109540682021,0.43731796363145,0.105314904370563,-0.955998556456497,-0.269569156982974
"30",2,"Anderson et al. 2020","NCT04283461","mRNA-1273","mRNA","ug","100","Seattle & Bethesda, US","Day 0/28","wild-type SARS-CoV-2","PsVNA ID80",41,26,66,41,"100",1,"56-70","elderly","0","prime",10,"GMT/CI",10,10,10,"Table S4, Table S5",1,1.61278385671974,0.44734451237116,0.660845850772613,0.141462755787024,0.103206782543635,-0.612783856719735,0.24390243902439,0.0738848122488123,0.175109540682021,0.438220002196757,0.101370766913509,-0.955998556456497,-0.269569156982974
"31",2,"Anderson et al. 2020","NCT04283461","mRNA-1273","mRNA","ug","100","Seattle & Bethesda, US","Day 0/28","wild-type SARS-CoV-2","PsVNA ID80",41,26,66,41,"100",1,">=71","elderly","0","prime",10,"GMT/CI",10,10,10,"Table S4, Table S5",1,1.61278385671974,0.44734451237116,0.660845850772613,0.141462755787024,0.103206782543635,-0.612783856719735,0.24390243902439,0.0738848122488123,0.175109540682021,0.431518276041517,0.104804599296278,-0.955998556456497,-0.269569156982974
"32",2,"Anderson et al. 2020","NCT04283461","mRNA-1273","mRNA","ug","100","Seattle & Bethesda, US","Day 0/28","wild-type SARS-CoV-2","PsVNA ID80",41,26,66,41,"100",1,"18-55","adult","0","prime",15,"GMT/CI",10,10,10,"Table S4, Table S5",1,1.61278385671974,0.44734451237116,0.660845850772613,0.115503856428719,0.103206782543635,-0.612783856719735,0.24390243902439,0.0738848122488123,0.154896032269763,0.440316736723119,0.0840092865963412,-0.91638007996847,-0.309187633471001
"33",2,"Anderson et al. 2020","NCT04283461","mRNA-1273","mRNA","ug","100","Seattle & Bethesda, US","Day 0/28","wild-type SARS-CoV-2","PsVNA ID50",106,60,189,41,"25",0.4,"56-70","elderly","14","prime",10,"GMT/CI",10,10,10,"Table S4, Table S5",1,2.02530586526477,0.44734451237116,0.813965404270096,0.141462755787024,0.127120039232041,-1.02530586526477,0.0943396226415094,0.0910040987640516,0.19018731726699,0.438811850177197,0.106467363554636,-1.39807300710807,-0.65253872342147
"34",2,"Anderson et al. 2020","NCT04283461","mRNA-1273","mRNA","ug","100","Seattle & Bethesda, US","Day 0/28","wild-type SARS-CoV-2","PsVNA ID50",106,60,189,41,"25",0.4,">=71","elderly","14","prime",10,"GMT/CI",10,10,10,"Table S4, Table S5",1,2.02530586526477,0.44734451237116,0.813965404270096,0.141462755787024,0.127120039232041,-1.02530586526477,0.0943396226415094,0.0910040987640516,0.19018731726699,0.4381693180546,0.105073752082763,-1.39807300710807,-0.65253872342147
"35",2,"Anderson et al. 2020","NCT04283461","mRNA-1273","mRNA","ug","100","Seattle & Bethesda, US","Day 0/28","wild-type SARS-CoV-2","PsVNA ID50",106,60,189,41,"100",1,"56-70","elderly","14","prime",10,"GMT/CI",11,9,13,"Table S4, Table S5",1.04139268515823,2.02530586526477,0.128831226456631,0.813965404270096,0.0407400109355898,0.127120039232041,-0.983913180106545,0.10377358490566,0.0910040987640516,0.133488774304762,0.124761623069839,0.0300262207043839,-1.24555117774388,-0.722275182469212
"36",2,"Anderson et al. 2020","NCT04283461","mRNA-1273","mRNA","ug","100","Seattle & Bethesda, US","Day 0/28","wild-type SARS-CoV-2","PsVNA ID50",106,60,189,41,"100",1,">=71","elderly","14","prime",10,"GMT/CI",26,11,60,"Table S4, Table S5",1.41497334797082,2.02530586526477,0.594345701977053,0.813965404270096,0.187948613577913,0.127120039232041,-0.610332517293952,0.245283018867924,0.0910040987640516,0.226901268661538,0.578836731176845,0.139980227425179,-1.05505900387057,-0.165606030717339
"37",2,"Anderson et al. 2020","NCT04283461","mRNA-1273","mRNA","ug","100","Seattle & Bethesda, US","Day 0/28","wild-type SARS-CoV-2","PsVNA ID50",106,60,189,41,"100",1,"18-55","adult","14","prime",15,"GMT/CI",24,13,42,"Table S4, Table S5",1.38021124171161,2.02530586526477,0.503197300089601,0.813965404270096,0.129924984206904,0.127120039232041,-0.645094623553164,0.226415094339623,0.0910040987640516,0.181769100497086,0.498077169592729,0.0934260225694187,-1.00136206052745,-0.288827186578875
"38",2,"Anderson et al. 2020","NCT04283461","mRNA-1273","mRNA","ug","100","Seattle & Bethesda, US","Day 0/28","wild-type SARS-CoV-2","PsVNA ID80",41,26,66,41,"25",0.4,"56-70","elderly","14","prime",10,"GMT/CI",10,10,10,"Table S4, Table S5",1,1.61278385671974,0.44734451237116,0.660845850772613,0.141462755787024,0.103206782543635,-0.612783856719735,0.24390243902439,0.0738848122488123,0.175109540682021,0.436710345257515,0.102130144177163,-0.955998556456497,-0.269569156982974
"39",2,"Anderson et al. 2020","NCT04283461","mRNA-1273","mRNA","ug","100","Seattle & Bethesda, US","Day 0/28","wild-type SARS-CoV-2","PsVNA ID80",41,26,66,41,"25",0.4,">=71","elderly","14","prime",10,"GMT/CI",10,10,10,"Table S4, Table S5",1,1.61278385671974,0.44734451237116,0.660845850772613,0.141462755787024,0.103206782543635,-0.612783856719735,0.24390243902439,0.0738848122488123,0.175109540682021,0.436451184723655,0.104344168592588,-0.955998556456497,-0.269569156982974
"40",2,"Anderson et al. 2020","NCT04283461","mRNA-1273","mRNA","ug","100","Seattle & Bethesda, US","Day 0/28","wild-type SARS-CoV-2","PsVNA ID80",41,26,66,41,"100",1,"56-70","elderly","14","prime",10,"GMT/CI",10,10,10,"Table S4, Table S5",1,1.61278385671974,0.44734451237116,0.660845850772613,0.141462755787024,0.103206782543635,-0.612783856719735,0.24390243902439,0.0738848122488123,0.175109540682021,0.435554925822658,0.105271872018649,-0.955998556456497,-0.269569156982974
"41",2,"Anderson et al. 2020","NCT04283461","mRNA-1273","mRNA","ug","100","Seattle & Bethesda, US","Day 0/28","wild-type SARS-CoV-2","PsVNA ID80",41,26,66,41,"100",1,">=71","elderly","14","prime",10,"GMT/CI",10,10,10,"Table S4, Table S5",1,1.61278385671974,0.44734451237116,0.660845850772613,0.141462755787024,0.103206782543635,-0.612783856719735,0.24390243902439,0.0738848122488123,0.175109540682021,0.433337028573679,0.103821908735255,-0.955998556456497,-0.269569156982974
"42",2,"Anderson et al. 2020","NCT04283461","mRNA-1273","mRNA","ug","100","Seattle & Bethesda, US","Day 0/28","wild-type SARS-CoV-2","PsVNA ID80",41,26,66,41,"100",1,"18-55","adult","14","prime",15,"GMT/CI",13,8,19,"Table S4, Table S5",1.11394335230684,1.61278385671974,0.371157887920051,0.660845850772613,0.0958325545818585,0.103206782543635,-0.498840504412899,0.317073170731707,0.0738848122488123,0.140838625670283,0.363560951284143,0.069525893922664,-0.774884210726654,-0.222796798099144
"43",2,"Anderson et al. 2020","NCT04283461","mRNA-1273","mRNA","ug","100","Seattle & Bethesda, US","Day 0/28","wild-type SARS-CoV-2","PsVNA ID50",106,60,189,41,"25",0.4,"56-70","elderly","28","prime",10,"GMT/CI",10,10,10,"Table S4, Table S5",1,2.02530586526477,0.44734451237116,0.813965404270096,0.141462755787024,0.127120039232041,-1.02530586526477,0.0943396226415094,0.0910040987640516,0.19018731726699,0.43560470332601,0.104126886787952,-1.39807300710807,-0.65253872342147
"44",2,"Anderson et al. 2020","NCT04283461","mRNA-1273","mRNA","ug","100","Seattle & Bethesda, US","Day 0/28","wild-type SARS-CoV-2","PsVNA ID50",106,60,189,41,"25",0.4,">=71","elderly","28","prime",10,"GMT/CI",10,10,10,"Table S4, Table S5",1,2.02530586526477,0.44734451237116,0.813965404270096,0.141462755787024,0.127120039232041,-1.02530586526477,0.0943396226415094,0.0910040987640516,0.19018731726699,0.435674713087678,0.103858420518879,-1.39807300710807,-0.65253872342147
"45",2,"Anderson et al. 2020","NCT04283461","mRNA-1273","mRNA","ug","100","Seattle & Bethesda, US","Day 0/28","wild-type SARS-CoV-2","PsVNA ID50",106,60,189,41,"100",1,"56-70","elderly","28","prime",10,"GMT/CI",10,10,10,"Table S4, Table S5",1,2.02530586526477,0.44734451237116,0.813965404270096,0.141462755787024,0.127120039232041,-1.02530586526477,0.0943396226415094,0.0910040987640516,0.19018731726699,0.439506167145456,0.103477845044432,-1.39807300710807,-0.65253872342147
"46",2,"Anderson et al. 2020","NCT04283461","mRNA-1273","mRNA","ug","100","Seattle & Bethesda, US","Day 0/28","wild-type SARS-CoV-2","PsVNA ID50",106,60,189,41,"100",1,">=71","elderly","28","prime",10,"GMT/CI",16,10,26,"Table S4, Table S5",1.20411998265592,2.02530586526477,0.334760445880969,0.813965404270096,0.105860547951739,0.127120039232041,-0.821185882608846,0.150943396226415,0.0910040987640516,0.165426599998302,0.325268810271994,0.0765441494955524,-1.14542201860552,-0.496949746612174
"47",2,"Anderson et al. 2020","NCT04283461","mRNA-1273","mRNA","ug","100","Seattle & Bethesda, US","Day 0/28","wild-type SARS-CoV-2","PsVNA ID50",106,60,189,41,"100",1,"18-55","adult","28","prime",15,"GMT/CI",18,12,27,"Table S4, Table S5",1.25527250510331,2.02530586526477,0.347958425375178,0.813965404270096,0.0898424791100415,0.127120039232041,-0.770033360161464,0.169811320754717,0.0910040987640516,0.155663661228284,0.343227827399363,0.0644373761560718,-1.0751341361689,-0.464932584154028
"48",2,"Anderson et al. 2020","NCT04283461","mRNA-1273","mRNA","ug","100","Seattle & Bethesda, US","Day 0/28","wild-type SARS-CoV-2","PsVNA ID80",41,26,66,41,"25",0.4,"56-70","elderly","28","prime",10,"GMT/CI",10,10,10,"Table S4, Table S5",1,1.61278385671974,0.44734451237116,0.660845850772613,0.141462755787024,0.103206782543635,-0.612783856719735,0.24390243902439,0.0738848122488123,0.175109540682021,0.432795061244387,0.105067943294658,-0.955998556456497,-0.269569156982974
"49",2,"Anderson et al. 2020","NCT04283461","mRNA-1273","mRNA","ug","100","Seattle & Bethesda, US","Day 0/28","wild-type SARS-CoV-2","PsVNA ID80",41,26,66,41,"25",0.4,">=71","elderly","28","prime",10,"GMT/CI",10,10,10,"Table S4, Table S5",1,1.61278385671974,0.44734451237116,0.660845850772613,0.141462755787024,0.103206782543635,-0.612783856719735,0.24390243902439,0.0738848122488123,0.175109540682021,0.436167973558583,0.10312538993451,-0.955998556456497,-0.269569156982974
"50",2,"Anderson et al. 2020","NCT04283461","mRNA-1273","mRNA","ug","100","Seattle & Bethesda, US","Day 0/28","wild-type SARS-CoV-2","PsVNA ID80",41,26,66,41,"100",1,"56-70","elderly","28","prime",10,"GMT/CI",10,10,10,"Table S4, Table S5",1,1.61278385671974,0.44734451237116,0.660845850772613,0.141462755787024,0.103206782543635,-0.612783856719735,0.24390243902439,0.0738848122488123,0.175109540682021,0.436259957420569,0.105255546535436,-0.955998556456497,-0.269569156982974
"51",2,"Anderson et al. 2020","NCT04283461","mRNA-1273","mRNA","ug","100","Seattle & Bethesda, US","Day 0/28","wild-type SARS-CoV-2","PsVNA ID80",41,26,66,41,"100",1,">=71","elderly","28","prime",10,"GMT/CI",11,9,13,"Table S4, Table S5",1.04139268515823,1.61278385671974,0.128831226456631,0.660845850772613,0.0407400109355898,0.103206782543635,-0.57139117156151,0.268292682926829,0.0738848122488123,0.11095669630104,0.125692501613141,0.0298949124941432,-0.788866296311549,-0.353916046811472
"52",2,"Anderson et al. 2020","NCT04283461","mRNA-1273","mRNA","ug","100","Seattle & Bethesda, US","Day 0/28","wild-type SARS-CoV-2","PsVNA ID80",41,26,66,41,"100",1,"18-55","adult","28","prime",15,"GMT/CI",10,10,11,"Table S4, Table S5",1,1.61278385671974,0.0408962194572992,0.660845850772613,0.0105593584587309,0.103206782543635,-0.612783856719735,0.24390243902439,0.0738848122488123,0.103745554189417,0.0400859508211753,0.00757892511691815,-0.816125142930992,-0.409442570508479
"53",2,"Anderson et al. 2020","NCT04283461","mRNA-1273","mRNA","ug","100","Seattle & Bethesda, US","Day 0/28","wild-type SARS-CoV-2","PsVNA ID50",106,60,189,41,"25",0.4,"56-70","elderly","35","prime",10,"GMT/CI",79,47,135,"Table S4, Table S5",1.89762709129044,2.02530586526477,0.369660505879733,0.813965404270096,0.116896915959002,0.127120039232041,-0.127678773974329,0.745283018867924,0.0910040987640516,0.172697403961616,0.359536267939966,0.0854914925113342,-0.466165685739097,0.210808137790439
"54",2,"Anderson et al. 2020","NCT04283461","mRNA-1273","mRNA","ug","100","Seattle & Bethesda, US","Day 0/28","wild-type SARS-CoV-2","PsVNA ID50",106,60,189,41,"25",0.4,">=71","elderly","35","prime",10,"GMT/CI",121,69,211,"Table S4, Table S5",2.08278537031645,2.02530586526477,0.39160078679843,0.813965404270096,0.123835041979703,0.127120039232041,0.0574795050516799,1.14150943396226,0.0910040987640516,0.177467242037708,0.377601528276787,0.0903852988437265,-0.290356289342228,0.405315299445588
"55",2,"Anderson et al. 2020","NCT04283461","mRNA-1273","mRNA","ug","100","Seattle & Bethesda, US","Day 0/28","wild-type SARS-CoV-2","PsVNA ID50",106,60,189,41,"100",1,"56-70","elderly","35","prime",9,"GMT/CI",289,164,507,"Table S4, Table S5",2.46089784275655,2.02530586526477,0.375125595371662,0.813965404270096,0.125041865123887,0.127120039232041,0.435591977491777,2.72641509433962,0.0910040987640516,0.17831144777612,0.362867934665412,0.0904077456664188,0.0861015398505817,0.785082415132973
"56",2,"Anderson et al. 2020","NCT04283461","mRNA-1273","mRNA","ug","100","Seattle & Bethesda, US","Day 0/28","wild-type SARS-CoV-2","PsVNA ID50",106,60,189,41,"100",1,">=71","elderly","35","prime",10,"GMT/CI",310,202,475,"Table S4, Table S5",2.49136169383427,2.02530586526477,0.29956307918177,0.813965404270096,0.0947301633107761,0.127120039232041,0.466055828569502,2.92452830188679,0.0910040987640516,0.158534880121827,0.291143269726409,0.0689944221905983,0.155327463530722,0.776784193608282
"57",2,"Anderson et al. 2020","NCT04283461","mRNA-1273","mRNA","ug","100","Seattle & Bethesda, US","Day 0/28","wild-type SARS-CoV-2","PsVNA ID50",106,60,189,41,"100",1,"18-55","adult","35","prime",15,"GMT/CI",263,188,368,"Table S4, Table S5",2.41995574848976,2.02530586526477,0.288191426984707,0.813965404270096,0.0744107064821014,0.127120039232041,0.394649883224988,2.4811320754717,0.0910040987640516,0.14729717449266,0.283547456303852,0.0549848334940115,0.105947421219374,0.683352345230601
"58",2,"Anderson et al. 2020","NCT04283461","mRNA-1273","mRNA","ug","100","Seattle & Bethesda, US","Day 0/28","wild-type SARS-CoV-2","PsVNA ID80",41,26,66,41,"25",0.4,"56-70","elderly","35","prime",10,"GMT/CI",36,17,24,"Table S4, Table S5",1.55630250076729,1.61278385671974,0.120813785695173,0.660845850772613,0.0382046735544214,0.103206782543635,-0.0564813559524482,0.878048780487805,0.0738848122488123,0.110051065621416,0.118607027126089,0.0289088193549122,-0.272181444570423,0.159218732665527
"59",2,"Anderson et al. 2020","NCT04283461","mRNA-1273","mRNA","ug","100","Seattle & Bethesda, US","Day 0/28","wild-type SARS-CoV-2","PsVNA ID80",41,26,66,41,"25",0.4,">=71","elderly","35","prime",10,"GMT/CI",58,34,99,"Table S4, Table S5",1.76342799356294,1.61278385671974,0.374436486566332,0.660845850772613,0.118407213662065,0.103206782543635,0.150644136843202,1.41463414634146,0.0738848122488123,0.157072939140462,0.365039753989717,0.0860678344108982,-0.157218823872103,0.458507097558507
"60",2,"Anderson et al. 2020","NCT04283461","mRNA-1273","mRNA","ug","100","Seattle & Bethesda, US","Day 0/28","wild-type SARS-CoV-2","PsVNA ID80",41,26,66,41,"100",1,"56-70","elderly","35","prime",9,"GMT/CI",158,93,267,"Table S4, Table S5",2.19865708695442,1.61278385671974,0.35053187204896,0.660845850772613,0.116843957349653,0.103206782543635,0.585873230234687,3.85365853658537,0.0738848122488123,0.155897884309367,0.3373264525752,0.0858611182326274,0.280313376988328,0.891433083481047
"61",2,"Anderson et al. 2020","NCT04283461","mRNA-1273","mRNA","ug","100","Seattle & Bethesda, US","Day 0/28","wild-type SARS-CoV-2","PsVNA ID80",41,26,66,41,"100",1,">=71","elderly","35","prime",10,"GMT/CI",140,82,239,"Table S4, Table S5",2.14612803567824,1.61278385671974,0.374781570930064,0.660845850772613,0.118516338919495,0.103206782543635,0.533344178958503,3.41463414634147,0.0738848122488123,0.157155218029469,0.366290599250916,0.0858608442743344,0.225319951620744,0.841368406296262
"62",2,"Anderson et al. 2020","NCT04283461","mRNA-1273","mRNA","ug","100","Seattle & Bethesda, US","Day 0/28","wild-type SARS-CoV-2","PsVNA ID80",41,26,66,41,"100",1,"18-55","adult","35","prime",15,"GMT/CI",134,96,188,"Table S4, Table S5",2.12710479836481,1.61278385671974,0.288385715208372,0.660845850772613,0.0744608714857427,0.103206782543635,0.514320941645072,3.26829268292683,0.0738848122488123,0.127263747176584,0.283637971414294,0.0532748422242943,0.264883997178967,0.763757886111177
"63",2,"Anderson et al. 2020","NCT04283461","mRNA-1273","mRNA","ug","100","Seattle & Bethesda, US","Day 0/28","wild-type SARS-CoV-2","PsVNA ID50",106,60,189,41,"25",0.4,"56-70","elderly","42","prime",10,"GMT/CI",116,66,205,"Table S4, Table S5",2.06445798922692,2.02530586526477,0.397067462134108,0.813965404270096,0.125563756508644,0.127120039232041,0.0391521239621482,1.09433962264151,0.0910040987640516,0.178677814299699,0.387346859250346,0.0906747963535526,-0.311056392065262,0.389360639989558
"64",2,"Anderson et al. 2020","NCT04283461","mRNA-1273","mRNA","ug","100","Seattle & Bethesda, US","Day 0/28","wild-type SARS-CoV-2","PsVNA ID50",106,60,189,41,"25",0.4,">=71","elderly","42","prime",10,"GMT/CI",112,67,188,"Table S4, Table S5",2.04921802267018,2.02530586526477,0.36147015511375,0.813965404270096,0.114306899633381,0.127120039232041,0.0239121574054111,1.0566037735849,0.0910040987640516,0.170954881995664,0.354580845175631,0.084638754847907,-0.311159411306091,0.358983726116913
"65",2,"Anderson et al. 2020","NCT04283461","mRNA-1273","mRNA","ug","100","Seattle & Bethesda, US","Day 0/28","wild-type SARS-CoV-2","PsVNA ID50",106,60,189,41,"100",1,"56-70","elderly","42","prime",9,"GMT/CI",402,289,560,"Table S4, Table S5",2.60422605308447,2.02530586526477,0.219864936925754,0.813965404270096,0.0732883123085848,0.127120039232041,0.5789201878197,3.79245283018868,0.0910040987640516,0.146733367355201,0.212314371800355,0.0536494792807945,0.291322787803506,0.866517587835893
"66",2,"Anderson et al. 2020","NCT04283461","mRNA-1273","mRNA","ug","100","Seattle & Bethesda, US","Day 0/28","wild-type SARS-CoV-2","PsVNA ID50",106,60,189,41,"100",1,">=71","elderly","42","prime",10,"GMT/CI",317,198,508,"Table S4, Table S5",2.50105926221775,2.02530586526477,0.330101873664622,0.813965404270096,0.104387378066936,0.127120039232041,0.475753396952981,2.99056603773585,0.0910040987640516,0.16448777788652,0.320812222113794,0.0772016401646275,0.153357352295403,0.79814944161056
"67",2,"Anderson et al. 2020","NCT04283461","mRNA-1273","mRNA","ug","100","Seattle & Bethesda, US","Day 0/28","wild-type SARS-CoV-2","PsVNA ID50",106,60,189,41,"100",1,"18-55","adult","42","prime",14,"GMT/CI",360,237,476,"Table S4, Table S5",2.55630250076729,2.02530586526477,0.28907988340459,0.813965404270096,0.0772598486506095,0.127120039232041,0.530996635502517,3.39622641509434,0.0910040987640516,0.148756810223501,0.28408488794769,0.0553491248466227,0.239433287464455,0.822559983540579
"68",2,"Anderson et al. 2020","NCT04283461","mRNA-1273","mRNA","ug","100","Seattle & Bethesda, US","Day 0/28","wild-type SARS-CoV-2","PsVNA ID80",41,26,66,41,"25",0.4,"56-70","elderly","42","prime",10,"GMT/CI",54,29,100,"Table S4, Table S5",1.73239375982297,1.61278385671974,0.43368540849641,0.660845850772613,0.137143367882919,0.103206782543635,0.119609903103233,1.31707317073171,0.0738848122488123,0.171638991249888,0.427137708444575,0.10018642310909,-0.216802519746547,0.456022325953013
"69",2,"Anderson et al. 2020","NCT04283461","mRNA-1273","mRNA","ug","100","Seattle & Bethesda, US","Day 0/28","wild-type SARS-CoV-2","PsVNA ID80",41,26,66,41,"25",0.4,">=71","elderly","42","prime",10,"GMT/CI",61,34,110,"Table S4, Table S5",1.78532983501077,1.61278385671974,0.411349213654441,0.660845850772613,0.130080042886727,0.103206782543635,0.172545978291032,1.48780487804878,0.0738848122488123,0.166049563445442,0.400194638102253,0.0947459372297161,-0.152911166062035,0.498003122644099
"70",2,"Anderson et al. 2020","NCT04283461","mRNA-1273","mRNA","ug","100","Seattle & Bethesda, US","Day 0/28","wild-type SARS-CoV-2","PsVNA ID80",41,26,66,41,"100",1,"56-70","elderly","42","prime",9,"GMT/CI",203,145,283,"Table S4, Table S5",2.30749603791321,1.61278385671974,0.222259005068354,0.660845850772613,0.0740863350227845,0.103206782543635,0.694712181193478,4.95121951219512,0.0738848122488123,0.127044972352776,0.217227905011132,0.0530032161092192,0.445704035382037,0.943720327004918
"71",2,"Anderson et al. 2020","NCT04283461","mRNA-1273","mRNA","ug","100","Seattle & Bethesda, US","Day 0/28","wild-type SARS-CoV-2","PsVNA ID80",41,26,66,41,"100",1,">=71","elderly","42","prime",10,"GMT/CI",194,121,311,"Table S4, Table S5",2.28780172993023,1.61278385671974,0.330728276248717,0.660845850772613,0.104585463956731,0.103206782543635,0.67501787321049,4.73170731707317,0.0738848122488123,0.146934540643288,0.323581514971837,0.077341547139057,0.387026173549646,0.963009572871335
"72",2,"Anderson et al. 2020","NCT04283461","mRNA-1273","mRNA","ug","100","Seattle & Bethesda, US","Day 0/28","wild-type SARS-CoV-2","PsVNA ID80",41,26,66,41,"100",1,"18-55","adult","42","prime",14,"GMT/CI",164,122,219,"Table S4, Table S5",2.2148438480477,1.61278385671974,0.242524576201665,0.660845850772613,0.0648174194299413,0.103206782543635,0.602059991327963,4,0.0738848122488123,0.121872629513629,0.238458076053259,0.0479423891679936,0.36318963748125,0.840930345174675
"73",2,"Anderson et al. 2020","NCT04283461","mRNA-1273","mRNA","ug","100","Seattle & Bethesda, US","Day 0/28","wild-type SARS-CoV-2","PsVNA ID50",106,60,189,41,"25",0.4,"56-70","elderly","56","prime",10,"GMT/CI",92,45,188,"Table S4, Table S5",1.96378782734556,2.02530586526477,0.500918765969522,0.813965404270096,0.158404422318453,0.127120039232041,-0.0615180379192151,0.867924528301887,0.0910040987640516,0.20310456761087,0.486070365283518,0.115498037849965,-0.45960299043652,0.33656691459809
"74",2,"Anderson et al. 2020","NCT04283461","mRNA-1273","mRNA","ug","100","Seattle & Bethesda, US","Day 0/28","wild-type SARS-CoV-2","PsVNA ID50",106,60,189,41,"25",0.4,">=71","elderly","56","prime",10,"GMT/CI",86,44,171,"Table S4, Table S5",1.93449845124357,2.02530586526477,0.475586742535661,0.813965404270096,0.150393733139277,0.127120039232041,-0.0908074140212027,0.811320754716981,0.0910040987640516,0.19692074380807,0.460459363917228,0.109754687386727,-0.476772071885021,0.295157243842615
"75",2,"Anderson et al. 2020","NCT04283461","mRNA-1273","mRNA","ug","100","Seattle & Bethesda, US","Day 0/28","wild-type SARS-CoV-2","PsVNA ID50",106,60,189,41,"100",1,"56-70","elderly","56","prime",9,"GMT/CI",324,212,496,"Table S4, Table S5",2.51054501020661,2.02530586526477,0.282509552725597,0.813965404270096,0.0941698509085322,0.127120039232041,0.485239144941842,3.0566037735849,0.0910040987640516,0.158200711738256,0.27532153551437,0.0709081945310771,0.175165749934859,0.795312539948824
"76",2,"Anderson et al. 2020","NCT04283461","mRNA-1273","mRNA","ug","100","Seattle & Bethesda, US","Day 0/28","wild-type SARS-CoV-2","PsVNA ID50",106,60,189,41,"100",1,">=71","elderly","56","prime",10,"GMT/CI",242,147,399,"Table S4, Table S5",2.38381536598043,2.02530586526477,0.349831452184652,0.813965404270096,0.110626418606779,0.127120039232041,0.358509500715661,2.28301886792453,0.0910040987640516,0.168516197643188,0.340555870328425,0.0794126634072358,0.028217753335013,0.688801248096308
"77",2,"Anderson et al. 2020","NCT04283461","mRNA-1273","mRNA","ug","100","Seattle & Bethesda, US","Day 0/28","wild-type SARS-CoV-2","PsVNA ID50",106,60,189,41,"100",1,"18-55","adult","56","prime",14,"GMT/CI",267,186,385,"Table S4, Table S5",2.42651126136458,2.02530586526477,0.301573562415148,0.813965404270096,0.0805989248190266,0.127120039232041,0.401205396099805,2.5188679245283,0.0910040987640516,0.15051807551367,0.295895765020408,0.0572949993467962,0.106189968093013,0.696220824106597
"78",2,"Anderson et al. 2020","NCT04283461","mRNA-1273","mRNA","ug","100","Seattle & Bethesda, US","Day 0/28","wild-type SARS-CoV-2","PsVNA ID80",41,26,66,41,"25",0.4,"56-70","elderly","56","prime",10,"GMT/CI",43,21,85,"Table S4, Table S5",1.63346845557959,1.61278385671974,0.489830058242785,0.660845850772613,0.154897865046014,0.103206782543635,0.020684598859851,1.04878048780488,0.0738848122488123,0.186131643088493,0.474114088498012,0.114167100504287,-0.344133421593596,0.385502619313298
"79",2,"Anderson et al. 2020","NCT04283461","mRNA-1273","mRNA","ug","100","Seattle & Bethesda, US","Day 0/28","wild-type SARS-CoV-2","PsVNA ID80",41,26,66,41,"25",0.4,">=71","elderly","56","prime",10,"GMT/CI",48,25,92,"Table S4, Table S5",1.68124123737559,1.61278385671974,0.456471407154661,0.660845850772613,0.144348933335081,0.103206782543635,0.0684573806558517,1.17073170731707,0.0738848122488123,0.177449301260909,0.448108697729347,0.106068294342697,-0.27934324981553,0.416258011127234
"80",2,"Anderson et al. 2020","NCT04283461","mRNA-1273","mRNA","ug","100","Seattle & Bethesda, US","Day 0/28","wild-type SARS-CoV-2","PsVNA ID80",41,26,66,41,"100",1,"56-70","elderly","56","prime",9,"GMT/CI",140,89,222,"Table S4, Table S5",2.14612803567824,1.61278385671974,0.303798189647239,0.660845850772613,0.101266063215746,0.103206782543635,0.533344178958503,3.41463414634147,0.0738848122488123,0.144590648114685,0.292865155372784,0.0748971191340212,0.249946508653719,0.816741849263286
"81",2,"Anderson et al. 2020","NCT04283461","mRNA-1273","mRNA","ug","100","Seattle & Bethesda, US","Day 0/28","wild-type SARS-CoV-2","PsVNA ID80",41,26,66,41,"100",1,">=71","elderly","56","prime",10,"GMT/CI",123,73,205,"Table S4, Table S5",2.0899051114394,1.61278385671974,0.36175085111853,0.660845850772613,0.114395663503903,0.103206782543635,0.477121254719663,3,0.0738848122488123,0.154071437299414,0.351541715199474,0.0844582561991624,0.175141237612811,0.779101271826515
"82",2,"Anderson et al. 2020","NCT04283461","mRNA-1273","mRNA","ug","100","Seattle & Bethesda, US","Day 0/28","wild-type SARS-CoV-2","PsVNA ID80",41,26,66,41,"100",1,"18-55","adult","56","prime",14,"GMT/CI",141,97,204,"Table S4, Table S5",2.14921911265538,1.61278385671974,0.308169806457674,0.660845850772613,0.0823618451937893,0.103206782543635,0.536435255935644,3.4390243902439,0.0738848122488123,0.132042089905965,0.301356883541395,0.0593290748447117,0.277632759719953,0.795237752151336
"83",10,"Walsh et al. 2020","NCT04368728","BNT162b1","mRNA","ug","30","US","Day 0/21","Live SARS-CoV-2 virus","MNT 50",94,62,147,38,"10",0.33,"18-55","adult","0","prime",12,"GMT/CI",10,10,10,"Figure 4B",1,1.9731278535997,0.44734451237116,0.589591045319081,0.129137237318996,0.0956442972576332,-0.973127853599699,0.106382978723404,0.0685385668428433,0.16069927709946,0.437237296767476,0.0918840214099848,-1.28809843671464,-0.658157270484756
"84",10,"Walsh et al. 2020","NCT04368728","BNT162b1","mRNA","ug","30","US","Day 0/21","Live SARS-CoV-2 virus","MNT 50",94,62,147,38,"10",0.33,"65-85","elderly","0","prime",12,"GMT/CI",10,10,10,"Figure 4B",1,1.9731278535997,0.44734451237116,0.589591045319081,0.129137237318996,0.0956442972576332,-0.973127853599699,0.106382978723404,0.0685385668428433,0.16069927709946,0.440920271629121,0.0951594424224412,-1.28809843671464,-0.658157270484756
"85",10,"Walsh et al. 2020","NCT04368728","BNT162b1","mRNA","ug","30","US","Day 0/21","Live SARS-CoV-2 virus","MNT 50",94,62,147,38,"20",0.67,"18-55","adult","0","prime",12,"GMT/CI",10,10,10,"Figure 4B",1,1.9731278535997,0.44734451237116,0.589591045319081,0.129137237318996,0.0956442972576332,-0.973127853599699,0.106382978723404,0.0685385668428433,0.16069927709946,0.436141485777738,0.0946895533815531,-1.28809843671464,-0.658157270484756
"86",10,"Walsh et al. 2020","NCT04368728","BNT162b1","mRNA","ug","30","US","Day 0/21","Live SARS-CoV-2 virus","MNT 50",94,62,147,38,"20",0.67,"65-85","elderly","0","prime",12,"GMT/CI",10,10,10,"Figure 4B",1,1.9731278535997,0.44734451237116,0.589591045319081,0.129137237318996,0.0956442972576332,-0.973127853599699,0.106382978723404,0.0685385668428433,0.16069927709946,0.438614180563637,0.0950082648206083,-1.28809843671464,-0.658157270484756
"87",10,"Walsh et al. 2020","NCT04368728","BNT162b1","mRNA","ug","30","US","Day 0/21","Live SARS-CoV-2 virus","MNT 50",94,62,147,38,"30",1,"18-55","adult","0","prime",12,"GMT/CI",10,10,10,"Figure 4B",1,1.9731278535997,0.44734451237116,0.589591045319081,0.129137237318996,0.0956442972576332,-0.973127853599699,0.106382978723404,0.0685385668428433,0.16069927709946,0.435088106040701,0.0933389123480642,-1.28809843671464,-0.658157270484756
"88",10,"Walsh et al. 2020","NCT04368728","BNT162b1","mRNA","ug","30","US","Day 0/21","Live SARS-CoV-2 virus","MNT 50",94,62,147,38,"30",1,"65-85","elderly","0","prime",12,"GMT/CI",10,10,10,"Figure 4B",1,1.9731278535997,0.44734451237116,0.589591045319081,0.129137237318996,0.0956442972576332,-0.973127853599699,0.106382978723404,0.0685385668428433,0.16069927709946,0.433365863670171,0.0945147072895756,-1.28809843671464,-0.658157270484756
"89",10,"Walsh et al. 2020","NCT04368728","BNT162b2","mRNA","ug","30","US","Day 0/21","Live SARS-CoV-2 virus","MNT 50",94,62,147,38,"10",0.33,"18-55","adult","0","prime",12,"GMT/CI",10,10,10,"Figure 4B",1,1.9731278535997,0.44734451237116,0.589591045319081,0.129137237318996,0.0956442972576332,-0.973127853599699,0.106382978723404,0.0685385668428433,0.16069927709946,0.440631008013262,0.0924998986722917,-1.28809843671464,-0.658157270484756
"90",10,"Walsh et al. 2020","NCT04368728","BNT162b2","mRNA","ug","30","US","Day 0/21","Live SARS-CoV-2 virus","MNT 50",94,62,147,38,"10",0.33,"65-85","elderly","0","prime",12,"GMT/CI",10,10,10,"Figure 4B",1,1.9731278535997,0.44734451237116,0.589591045319081,0.129137237318996,0.0956442972576332,-0.973127853599699,0.106382978723404,0.0685385668428433,0.16069927709946,0.43579906257321,0.0919114757183126,-1.28809843671464,-0.658157270484756
"91",10,"Walsh et al. 2020","NCT04368728","BNT162b2","mRNA","ug","30","US","Day 0/21","Live SARS-CoV-2 virus","MNT 50",94,62,147,38,"20",0.67,"18-55","adult","0","prime",12,"GMT/CI",10,10,10,"Figure 4B",1,1.9731278535997,0.44734451237116,0.589591045319081,0.129137237318996,0.0956442972576332,-0.973127853599699,0.106382978723404,0.0685385668428433,0.16069927709946,0.434141810199042,0.0926869456565418,-1.28809843671464,-0.658157270484756
"92",10,"Walsh et al. 2020","NCT04368728","BNT162b2","mRNA","ug","30","US","Day 0/21","Live SARS-CoV-2 virus","MNT 50",94,62,147,38,"20",0.67,"65-85","elderly","0","prime",12,"GMT/CI",10,10,10,"Figure 4B",1,1.9731278535997,0.44734451237116,0.589591045319081,0.129137237318996,0.0956442972576332,-0.973127853599699,0.106382978723404,0.0685385668428433,0.16069927709946,0.439914183598668,0.0945266111041858,-1.28809843671464,-0.658157270484756
"93",10,"Walsh et al. 2020","NCT04368728","BNT162b2","mRNA","ug","30","US","Day 0/21","Live SARS-CoV-2 virus","MNT 50",94,62,147,38,"30",1,"18-55","adult","0","prime",12,"GMT/CI",10,10,10,"Figure 4B",1,1.9731278535997,0.44734451237116,0.589591045319081,0.129137237318996,0.0956442972576332,-0.973127853599699,0.106382978723404,0.0685385668428433,0.16069927709946,0.442768771435983,0.0925323200159459,-1.28809843671464,-0.658157270484756
"94",10,"Walsh et al. 2020","NCT04368728","BNT162b2","mRNA","ug","30","US","Day 0/21","Live SARS-CoV-2 virus","MNT 50",94,62,147,38,"30",1,"65-85","elderly","0","prime",12,"GMT/CI",10,10,10,"Figure 4B",1,1.9731278535997,0.44734451237116,0.589591045319081,0.129137237318996,0.0956442972576332,-0.973127853599699,0.106382978723404,0.0685385668428433,0.16069927709946,0.434253098506733,0.0931709768019373,-1.28809843671464,-0.658157270484756
"95",10,"Walsh et al. 2020","NCT04368728","BNT162b1","mRNA","ug","30","US","Day 0/21","Live SARS-CoV-2 virus","MNT 50",94,62,147,38,"10",0.33,"18-55","adult","21","prime",12,"GMT/CI",13,10,17,"Figure 4B",1.11394335230684,1.9731278535997,0.203647571620722,0.589591045319081,0.0587879901475188,0.0956442972576332,-0.859184501292862,0.138297872340426,0.0685385668428433,0.112266911347428,0.196549849336917,0.0420269272672189,-1.07922764753382,-0.639141355051903
"96",10,"Walsh et al. 2020","NCT04368728","BNT162b1","mRNA","ug","30","US","Day 0/21","Live SARS-CoV-2 virus","MNT 50",94,62,147,38,"10",0.33,"65-85","elderly","21","prime",12,"GMT/CI",11,10,14,"Figure 4B",1.04139268515823,1.9731278535997,0.129133256227013,0.589591045319081,0.0372775601219995,0.0956442972576332,-0.931735168441473,0.117021276595745,0.0685385668428433,0.102652072977392,0.12567080184044,0.027107531212872,-1.13293323147716,-0.730537105405785
"97",10,"Walsh et al. 2020","NCT04368728","BNT162b1","mRNA","ug","30","US","Day 0/21","Live SARS-CoV-2 virus","MNT 50",94,62,147,38,"20",0.67,"18-55","adult","21","prime",12,"GMT/CI",13,10,17,"Figure 4B",1.11394335230684,1.9731278535997,0.203647571620722,0.589591045319081,0.0587879901475188,0.0956442972576332,-0.859184501292862,0.138297872340426,0.0685385668428433,0.112266911347428,0.197622067548511,0.043483311977916,-1.07922764753382,-0.639141355051903
"98",10,"Walsh et al. 2020","NCT04368728","BNT162b1","mRNA","ug","30","US","Day 0/21","Live SARS-CoV-2 virus","MNT 50",94,62,147,38,"20",0.67,"65-85","elderly","21","prime",12,"GMT/CI",10,10,10,"Figure 4B",1,1.9731278535997,0.44734451237116,0.589591045319081,0.129137237318996,0.0956442972576332,-0.973127853599699,0.106382978723404,0.0685385668428433,0.16069927709946,0.438204095632584,0.0958426468732824,-1.28809843671464,-0.658157270484756
"99",10,"Walsh et al. 2020","NCT04368728","BNT162b1","mRNA","ug","30","US","Day 0/21","Live SARS-CoV-2 virus","MNT 50",94,62,147,38,"30",1,"18-55","adult","21","prime",12,"GMT/CI",29,17,47,"Figure 4B",1.46239799789896,1.9731278535997,0.390284896544008,0.589591045319081,0.112665545040164,0.0956442972576332,-0.510729855700742,0.308510638297872,0.0685385668428433,0.14778821548792,0.379685989154848,0.080207239764215,-0.800394758057065,-0.22106495334442
"100",10,"Walsh et al. 2020","NCT04368728","BNT162b1","mRNA","ug","30","US","Day 0/21","Live SARS-CoV-2 virus","MNT 50",94,62,147,38,"30",1,"65-85","elderly","21","prime",12,"GMT/CI",12,10,17,"Figure 4B",1.07918124604762,1.9731278535997,0.203647571620722,0.589591045319081,0.0587879901475188,0.0956442972576332,-0.893946607552074,0.127659574468085,0.0685385668428433,0.112266911347428,0.198071663578587,0.0421405747531696,-1.11398975379303,-0.673903461311115
"101",10,"Walsh et al. 2020","NCT04368728","BNT162b2","mRNA","ug","30","US","Day 0/21","Live SARS-CoV-2 virus","MNT 50",94,62,147,38,"10",0.33,"18-55","adult","21","prime",12,"GMT/CI",16,10,25,"Figure 4B",1.20411998265592,1.9731278535997,0.351659343563454,0.589591045319081,0.101515308334703,0.0956442972576332,-0.769007870943774,0.170212765957447,0.0685385668428433,0.139474690980824,0.344513842800489,0.0740987522999172,-1.04237826526619,-0.495637476621358
"102",10,"Walsh et al. 2020","NCT04368728","BNT162b2","mRNA","ug","30","US","Day 0/21","Live SARS-CoV-2 virus","MNT 50",94,62,147,38,"10",0.33,"65-85","elderly","21","prime",12,"GMT/CI",10,10,10,"Figure 4B",1,1.9731278535997,0.44734451237116,0.589591045319081,0.129137237318996,0.0956442972576332,-0.973127853599699,0.106382978723404,0.0685385668428433,0.16069927709946,0.438866200424553,0.0944354619564903,-1.28809843671464,-0.658157270484756
"103",10,"Walsh et al. 2020","NCT04368728","BNT162b2","mRNA","ug","30","US","Day 0/21","Live SARS-CoV-2 virus","MNT 50",94,62,147,38,"20",0.67,"18-55","adult","21","prime",12,"GMT/CI",19,11,32,"Figure 4B",1.27875360095283,1.9731278535997,0.409822037824819,0.589591045319081,0.118305431929,0.0956442972576332,-0.69437425264687,0.202127659574468,0.0685385668428433,0.152131544466668,0.398722407087647,0.0887046000477361,-0.992552079801539,-0.3961964254922
"104",10,"Walsh et al. 2020","NCT04368728","BNT162b2","mRNA","ug","30","US","Day 0/21","Live SARS-CoV-2 virus","MNT 50",94,62,147,38,"20",0.67,"65-85","elderly","21","prime",12,"GMT/CI",10,10,10,"Figure 4B",1,1.9731278535997,0.44734451237116,0.589591045319081,0.129137237318996,0.0956442972576332,-0.973127853599699,0.106382978723404,0.0685385668428433,0.16069927709946,0.431698035412729,0.0925111762400512,-1.28809843671464,-0.658157270484756
"105",10,"Walsh et al. 2020","NCT04368728","BNT162b2","mRNA","ug","30","US","Day 0/21","Live SARS-CoV-2 virus","MNT 50",94,62,147,38,"30",1,"18-55","adult","21","prime",12,"GMT/CI",14,10,20,"Figure 4B",1.14612803567824,1.9731278535997,0.26602002402666,0.589591045319081,0.0767933662408116,0.0956442972576332,-0.826999817921461,0.148936170212766,0.0685385668428433,0.122658276102764,0.259166057829152,0.0571505231634445,-1.06741003908288,-0.586589596760043
"106",10,"Walsh et al. 2020","NCT04368728","BNT162b2","mRNA","ug","30","US","Day 0/21","Live SARS-CoV-2 virus","MNT 50",94,62,147,38,"30",1,"65-85","elderly","21","prime",12,"GMT/CI",12,10,15,"Figure 4B",1.07918124604762,1.9731278535997,0.155611738496537,0.589591045319081,0.0449212395550208,0.0956442972576332,-0.893946607552074,0.127659574468085,0.0685385668428433,0.105668109479947,0.153075899497245,0.0331289698770436,-1.10105610213277,-0.686837112971378
"107",10,"Walsh et al. 2020","NCT04368728","BNT162b1","mRNA","ug","30","US","Day 0/21","Live SARS-CoV-2 virus","MNT 50",94,62,147,38,"10",0.33,"18-55","adult","28","prime",12,"GMT/CI",168,111,252,"Figure 4B",2.22530928172586,1.9731278535997,0.314665524903265,0.589591045319081,0.0908361127537976,0.0956442972576332,0.252181428126164,1.78723404255319,0.0685385668428433,0.131905386463659,0.30694605154383,0.0661692051204242,-0.00635312934260662,0.510715985594935
"108",10,"Walsh et al. 2020","NCT04368728","BNT162b1","mRNA","ug","30","US","Day 0/21","Live SARS-CoV-2 virus","MNT 50",94,62,147,38,"10",0.33,"65-85","elderly","28","prime",12,"GMT/CI",20,12,32,"Figure 4B",1.30102999566398,1.9731278535997,0.376428309556783,0.589591045319081,0.108665492926602,0.0956442972576332,-0.672097857935717,0.212765957446809,0.0685385668428433,0.144761945796843,0.369480837132904,0.0793276788318814,-0.955831271697529,-0.388364444173906
"109",10,"Walsh et al. 2020","NCT04368728","BNT162b1","mRNA","ug","30","US","Day 0/21","Live SARS-CoV-2 virus","MNT 50",94,62,147,38,"20",0.67,"18-55","adult","28","prime",12,"GMT/CI",160,87,321,"Figure 4B",2.20411998265592,1.9731278535997,0.501044988652474,0.589591045319081,0.14463922953731,0.0956442972576332,0.230992129056226,1.70212765957447,0.0685385668428433,0.173402244273403,0.490983538584871,0.108195643211606,-0.108876269719644,0.570860527832096
"110",10,"Walsh et al. 2020","NCT04368728","BNT162b1","mRNA","ug","30","US","Day 0/21","Live SARS-CoV-2 virus","MNT 50",94,62,147,38,"20",0.67,"65-85","elderly","28","prime",12,"GMT/CI",179,95,328,"Figure 4B",2.25285303097989,1.9731278535997,0.475563038292678,0.589591045319081,0.137283224087457,0.0956442972576332,0.279725177380195,1.90425531914894,0.0685385668428433,0.167315615570554,0.465093961324676,0.0990392488499464,-0.0482134291380912,0.607663783898481
"111",10,"Walsh et al. 2020","NCT04368728","BNT162b1","mRNA","ug","30","US","Day 0/21","Live SARS-CoV-2 virus","MNT 50",94,62,147,38,"30",1,"18-55","adult","28","prime",12,"GMT/CI",267,173,409,"Figure 4B",2.42651126136458,1.9731278535997,0.330218318612228,0.589591045319081,0.0953258175710577,0.0956442972576332,0.453383407764877,2.8404255319149,0.0685385668428433,0.135036450980826,0.322801734640956,0.0719127173378428,0.188711963842457,0.718054851687296
"112",10,"Walsh et al. 2020","NCT04368728","BNT162b1","mRNA","ug","30","US","Day 0/21","Live SARS-CoV-2 virus","MNT 50",94,62,147,38,"30",1,"65-85","elderly","28","prime",12,"GMT/CI",101,46,221,"Figure 4B",2.00432137378264,1.9731278535997,0.602359941703565,0.589591045319081,0.1738863372458,0.0956442972576332,0.0311935201829441,1.07446808510638,0.0685385668428433,0.198454755243271,0.589196152582667,0.127333217344038,-0.357777800093867,0.420164840459755
"113",10,"Walsh et al. 2020","NCT04368728","BNT162b2","mRNA","ug","30","US","Day 0/21","Live SARS-CoV-2 virus","MNT 50",94,62,147,38,"10",0.33,"18-55","adult","28","prime",12,"GMT/CI",157,97,252,"Figure 4B",2.19589965240923,1.9731278535997,0.366407224064359,0.589591045319081,0.105772654723291,0.0956442972576332,0.222771798809535,1.67021276595745,0.0685385668428433,0.142603247105804,0.35558114754998,0.077168614622908,-0.0567305655178407,0.502274163136911
"114",10,"Walsh et al. 2020","NCT04368728","BNT162b2","mRNA","ug","30","US","Day 0/21","Live SARS-CoV-2 virus","MNT 50",94,62,147,38,"10",0.33,"65-85","elderly","28","prime",12,"GMT/CI",79,50,124,"Figure 4B",1.89762709129044,1.9731278535997,0.348576710368341,0.589591045319081,0.100625428782198,0.0956442972576332,-0.0755007623092572,0.840425531914894,0.0685385668428433,0.138828341902897,0.341517592036241,0.0739750234370434,-0.347604312438936,0.196602787820421
"115",10,"Walsh et al. 2020","NCT04368728","BNT162b2","mRNA","ug","30","US","Day 0/21","Live SARS-CoV-2 virus","MNT 50",94,62,147,38,"20",0.67,"18-55","adult","28","prime",12,"GMT/CI",363,257,513,"Figure 4B",2.55990662503611,1.9731278535997,0.26527263183439,0.589591045319081,0.0765776126991127,0.0956442972576332,0.586778771436414,3.86170212765957,0.0685385668428433,0.122523313555428,0.25743285574078,0.0553741382207647,0.346633076867774,0.826924466005053
"116",10,"Walsh et al. 2020","NCT04368728","BNT162b2","mRNA","ug","30","US","Day 0/21","Live SARS-CoV-2 virus","MNT 50",94,62,147,38,"20",0.67,"65-85","elderly","28","prime",12,"GMT/CI",84,46,159,"Figure 4B",1.92427928606188,1.9731278535997,0.475995215205865,0.589591045319081,0.13740798281604,0.0956442972576332,-0.048848567537817,0.893617021276596,0.0685385668428433,0.167417995865079,0.462615014923299,0.0992102462611013,-0.376987839433372,0.279290704357738
"117",10,"Walsh et al. 2020","NCT04368728","BNT162b2","mRNA","ug","30","US","Day 0/21","Live SARS-CoV-2 virus","MNT 50",94,62,147,38,"30",1,"18-55","adult","28","prime",12,"GMT/CI",361,238,549,"Figure 4B",2.55750720190566,1.9731278535997,0.320778802999402,0.589591045319081,0.0926008641310153,0.0956442972576332,0.584379348305959,3.84042553191489,0.0685385668428433,0.133126825379851,0.313532939311801,0.0670546451450773,0.323450770561452,0.845307926050467
"118",10,"Walsh et al. 2020","NCT04368728","BNT162b2","mRNA","ug","30","US","Day 0/21","Live SARS-CoV-2 virus","MNT 50",94,62,147,38,"30",1,"65-85","elderly","28","prime",12,"GMT/CI",149,86,270,"Figure 4B",2.17318626841227,1.9731278535997,0.439079574738834,0.589591045319081,0.126751355335566,0.0956442972576332,0.200058414812575,1.58510638297872,0.0685385668428433,0.158788342384791,0.424402847846942,0.0926419541467719,-0.111166736261614,0.511283565886765
"119",10,"Walsh et al. 2020","NCT04368728","BNT162b1","mRNA","ug","30","US","Day 0/21","Live SARS-CoV-2 virus","MNT 50",94,62,147,38,"10",0.33,"18-55","adult","35","prime",12,"GMT/CI",180,106,305,"Figure 4B",2.25527250510331,1.9731278535997,0.405612695652042,0.589591045319081,0.117090299510718,0.0956442972576332,0.282144651503607,1.91489361702128,0.0685385668428433,0.151188524159131,0.398554920810473,0.084478950421882,-0.0141848558482898,0.578474158855505
"120",10,"Walsh et al. 2020","NCT04368728","BNT162b1","mRNA","ug","30","US","Day 0/21","Live SARS-CoV-2 virus","MNT 50",94,62,147,38,"10",0.33,"65-85","elderly","35","prime",12,"GMT/CI",33,16,67,"Figure 4B",1.51851393987789,1.9731278535997,0.5496210960868,0.589591045319081,0.158661943889006,0.0956442972576332,-0.454613913721811,0.351063829787234,0.0685385668428433,0.185260476185679,0.535332509935265,0.113934832951641,-0.817724447045741,-0.0915033803978808
"121",10,"Walsh et al. 2020","NCT04368728","BNT162b1","mRNA","ug","30","US","Day 0/21","Live SARS-CoV-2 virus","MNT 50",94,62,147,38,"20",0.67,"18-55","adult","35","prime",12,"GMT/CI",203,123,334,"Figure 4B",2.30749603791321,1.9731278535997,0.38338534180058,0.589591045319081,0.110673815145961,0.0956442972576332,0.334368184313514,2.15957446808511,0.0685385668428433,0.146275510448157,0.373179810456228,0.0805828416942673,0.0476681838351272,0.621068184791902
"122",10,"Walsh et al. 2020","NCT04368728","BNT162b1","mRNA","ug","30","US","Day 0/21","Live SARS-CoV-2 virus","MNT 50",94,62,147,38,"20",0.67,"65-85","elderly","35","prime",12,"GMT/CI",105,44,234,"Figure 4B",2.02118929906994,1.9731278535997,0.641356481440354,0.589591045319081,0.18514366860305,0.0956442972576332,0.0480614454702397,1.11702127659575,0.0685385668428433,0.208389082299679,0.627700265581612,0.135577567738986,-0.360381155837131,0.456504046777611
"123",10,"Walsh et al. 2020","NCT04368728","BNT162b1","mRNA","ug","30","US","Day 0/21","Live SARS-CoV-2 virus","MNT 50",94,62,147,38,"30",1,"18-55","adult","35","prime",12,"GMT/CI",437,302,633,"Figure 4B",2.64048143697042,1.9731278535997,0.284018127518701,0.589591045319081,0.0819889711888277,0.0956442972576332,0.667353583370723,4.64893617021277,0.0685385668428433,0.125976279491454,0.278303650977122,0.0598044179637339,0.420440075567474,0.914267091173973
"124",10,"Walsh et al. 2020","NCT04368728","BNT162b1","mRNA","ug","30","US","Day 0/21","Live SARS-CoV-2 virus","MNT 50",94,62,147,38,"30",1,"65-85","elderly","35","prime",12,"GMT/CI",105,50,221,"Figure 4B",2.02118929906994,1.9731278535997,0.57035926675971,0.589591045319081,0.164648538099258,0.0956442972576332,0.0480614454702397,1.11702127659575,0.0685385668428433,0.190412637963265,0.56250763405514,0.118090825659208,-0.325147324937759,0.421270215878239
"125",10,"Walsh et al. 2020","NCT04368728","BNT162b2","mRNA","ug","30","US","Day 0/21","Live SARS-CoV-2 virus","MNT 50",94,62,147,38,"10",0.33,"18-55","adult","35","prime",12,"GMT/CI",97,49,190,"Figure 4B",1.98677173426624,1.9731278535997,0.520107923172294,0.589591045319081,0.150142224725591,0.0956442972576332,0.0136438806665462,1.03191489361702,0.0685385668428433,0.17801831153973,0.508534865719227,0.110779743618605,-0.335272009951324,0.362559771284416
"126",10,"Walsh et al. 2020","NCT04368728","BNT162b2","mRNA","ug","30","US","Day 0/21","Live SARS-CoV-2 virus","MNT 50",94,62,147,38,"10",0.33,"65-85","elderly","35","prime",12,"GMT/CI",111,81,167,"Figure 4B",2.04532297878666,1.9731278535997,0.277686143196912,0.589591045319081,0.0801610847624831,0.0956442972576332,0.072195125186959,1.18085106382979,0.0685385668428433,0.124794355273804,0.271496745387049,0.0579063285624749,-0.172401811149697,0.316792061523616
"127",10,"Walsh et al. 2020","NCT04368728","BNT162b2","mRNA","ug","30","US","Day 0/21","Live SARS-CoV-2 virus","MNT 50",94,62,147,38,"20",0.67,"18-55","adult","35","prime",12,"GMT/CI",292,208,476,"Figure 4B",2.46538285144842,1.9731278535997,0.317728476272201,0.589591045319081,0.0917203106524826,0.0956442972576332,0.49225499784872,3.10638297872341,0.0685385668428433,0.132515836729405,0.30990465947808,0.0673996703782331,0.232523957859085,0.751986037838354
"128",10,"Walsh et al. 2020","NCT04368728","BNT162b2","mRNA","ug","30","US","Day 0/21","Live SARS-CoV-2 virus","MNT 50",94,62,147,38,"20",0.67,"65-85","elderly","35","prime",12,"GMT/CI",81,38,171,"Figure 4B",1.90848501887865,1.9731278535997,0.577243501019735,0.589591045319081,0.166635845350853,0.0956442972576332,-0.0646428347210488,0.861702127659575,0.0685385668428433,0.192133642430731,0.561854298410875,0.122325950906035,-0.441224773885281,0.311939104443183
"129",10,"Walsh et al. 2020","NCT04368728","BNT162b2","mRNA","ug","30","US","Day 0/21","Live SARS-CoV-2 virus","MNT 50",94,62,147,38,"30",1,"18-55","adult","35","prime",12,"GMT/CI",163,116,230,"Figure 4B",2.21218760440396,1.9731278535997,0.262697182754931,0.589591045319081,0.0758341445894578,0.0956442972576332,0.239059750804259,1.73404255319149,0.0685385668428433,0.122060022462399,0.257838756855467,0.0563220605065974,-0.00017789322204248,0.478297394830561
"130",10,"Walsh et al. 2020","NCT04368728","BNT162b2","mRNA","ug","30","US","Day 0/21","Live SARS-CoV-2 virus","MNT 50",94,62,147,38,"30",1,"65-85","elderly","35","prime",12,"GMT/CI",206,109,392,"Figure 4B",2.31386722036915,1.9731278535997,0.491212763020211,0.589591045319081,0.141800910479549,0.0956442972576332,0.340739366769455,2.19148936170213,0.0685385668428433,0.171041894899278,0.480411082037089,0.102180434315333,0.0054972527668698,0.67598148077204
"131",14,"Chu et al. 2021","NCT04405076","mRNA-1273","mRNA","ug","100","US","Day 0/28","Live SARS-CoV-2 virus","MNT 50",321,235,438,32,"50",0.5,"18-55","adult","0","prime",90,"GMT/CI",46.2,44.9,47.6,"Table 3",1.66464197555613,2.50650503240487,0.0613754815418959,0.390216513878198,0.00646954380540047,0.0689811857735621,-0.841863056848746,0.14392523364486,0.0495575468201028,0.0692839013608261,0.061078941381206,0.00469667572981139,-0.977659503515966,-0.706066610181527
"132",14,"Chu et al. 2021","NCT04405076","mRNA-1273","mRNA","ug","100","US","Day 0/28","Live SARS-CoV-2 virus","MNT 50",321,235,438,32,"50",0.5,">=55","elderly","0","prime",89,"GMT/CI",45.6,NA,NA,"Table 3",1.65896484266444,2.50650503240487,0.44734451237116,0.390216513878198,0.0474184234745909,0.0689811857735621,-0.847540189740437,0.142056074766355,0.0495575468201028,0.0837072928456196,0.444285651904196,0.0331013502511543,-1.01160648371785,-0.683473895763022
"133",14,"Chu et al. 2021","NCT04405076","mRNA-1273","mRNA","ug","100","US","Day 0/28","Live SARS-CoV-2 virus","MNT 50",321,235,438,32,"100",1,"18-55","adult","0","prime",95,"GMT/CI",45.6,NA,NA,"Table 3",1.65896484266444,2.50650503240487,0.44734451237116,0.390216513878198,0.04589657856169,0.0689811857735621,-0.847540189740437,0.142056074766355,0.0495575468201028,0.082854691565391,0.445115978824434,0.0327532839090708,-1.0099353852086,-0.685144994272271
"134",14,"Chu et al. 2021","NCT04405076","mRNA-1273","mRNA","ug","100","US","Day 0/28","Live SARS-CoV-2 virus","MNT 50",321,235,438,32,"100",1,">=55","elderly","0","prime",91,"GMT/CI",45.6,NA,NA,"Table 3",1.65896484266444,2.50650503240487,0.44734451237116,0.390216513878198,0.0468944469109448,0.0689811857735621,-0.847540189740437,0.142056074766355,0.0495575468201028,0.0834115887740433,0.447080196239518,0.0335284986277834,-1.01102690373756,-0.684053475743312
"135",14,"Chu et al. 2021","NCT04405076","mRNA-1273","mRNA","ug","100","US","Day 0/28","Live SARS-CoV-2 virus","MNT 50",321,235,438,32,"50",0.5,"18-55","adult","28","prime",89,"GMT/CI",184,147,230,"Table 3",2.26481782300954,2.50650503240487,0.467873724706466,0.390216513878198,0.0495945156299533,0.0689811857735621,-0.241687209395336,0.573208722741433,0.0495575468201028,0.0849589310861217,0.465982986073113,0.0352861719919341,-0.408206714324134,-0.075167704466537
"136",14,"Chu et al. 2021","NCT04405076","mRNA-1273","mRNA","ug","100","US","Day 0/28","Live SARS-CoV-2 virus","MNT 50",321,235,438,32,"50",0.5,">=55","elderly","28","prime",79,"GMT/CI",160,122,208,"Table 3",2.20411998265592,2.50650503240487,0.525363722776831,0.390216513878198,0.0591080368081666,0.0689811857735621,-0.302385049748947,0.498442367601246,0.0495575468201028,0.0908414223030566,0.521358571041571,0.0417175613407749,-0.480434237462938,-0.124335862034956
"137",14,"Chu et al. 2021","NCT04405076","mRNA-1273","mRNA","ug","100","US","Day 0/28","Live SARS-CoV-2 virus","MNT 50",321,235,438,32,"100",1,"18-55","adult","28","prime",94,"GMT/CI",273,220,338,"Table 3",2.43616264704076,2.50650503240487,0.461256786552442,0.390216513878198,0.0475750049631246,0.0689811857735621,-0.0703423853641159,0.850467289719626,0.0495575468201028,0.0837960923192008,0.459946397538157,0.0332627563135729,-0.234582726309749,0.0938979555815177
"138",14,"Chu et al. 2021","NCT04405076","mRNA-1273","mRNA","ug","100","US","Day 0/28","Live SARS-CoV-2 virus","MNT 50",321,235,438,32,"100",1,">=55","elderly","28","prime",86,"GMT/CI",185,145,236,"Table 3",2.26717172840301,2.50650503240487,0.500453662711346,0.390216513878198,0.0539653063099826,0.0689811857735621,-0.239333304001858,0.576323987538941,0.0495575468201028,0.0875822943057382,0.498159894649102,0.0381336841247928,-0.410994600841105,-0.0676720071626113
"139",14,"Chu et al. 2021","NCT04405076","mRNA-1273","mRNA","ug","100","US","Day 0/28","Live SARS-CoV-2 virus","MNT 50",321,235,438,32,"50",0.5,"18-55","adult","42","prime",78,"GMT/CI",1733,1611,1865,"Table 3",3.23879856271392,2.50650503240487,0.143253179321561,0.390216513878198,0.0162202285014001,0.0689811857735621,0.732293530309045,5.398753894081,0.0495575468201028,0.0708625416095438,0.142930038217537,0.0117571787004283,0.593402948754339,0.871184111863751
"140",14,"Chu et al. 2021","NCT04405076","mRNA-1273","mRNA","ug","100","US","Day 0/28","Live SARS-CoV-2 virus","MNT 50",321,235,438,32,"50",0.5,">=55","elderly","42","prime",63,"GMT/CI",1827,1722,1938,"Table 3",3.26173854735254,2.50650503240487,0.103914499330263,0.390216513878198,0.0130919963257935,0.0689811857735621,0.755233514947666,5.69158878504673,0.0495575468201028,0.0702125655315434,0.103119738687659,0.00946319799998654,0.617616886505841,0.892850143389491
"141",14,"Chu et al. 2021","NCT04405076","mRNA-1273","mRNA","ug","100","US","Day 0/28","Live SARS-CoV-2 virus","MNT 50",321,235,438,32,"100",1,"18-55","adult","42","prime",88,"GMT/CI",1909,1849,1970,"Table 3",3.28080592839367,2.50650503240487,0.0658795576247422,0.390216513878198,0.00702278443939287,0.0689811857735621,0.774300895988795,5.94704049844237,0.0495575468201028,0.0693377494010937,0.0655331576059862,0.00490648473901983,0.638398907162651,0.910202884814939
"142",14,"Chu et al. 2021","NCT04405076","mRNA-1273","mRNA","ug","100","US","Day 0/28","Live SARS-CoV-2 virus","MNT 50",321,235,438,32,"100",1,">=55","elderly","42","prime",62,"GMT/CI",1686,1521,1869,"Table 3",3.22685757028872,2.50650503240487,0.179736457186449,0.390216513878198,0.0228265528892433,0.0689811857735621,0.720352537883852,5.25233644859814,0.0495575468201028,0.0726598617362579,0.178837529576257,0.0165574626644661,0.577939208880786,0.862765866886917
"143",14,"Chu et al. 2021","NCT04405076","mRNA-1273","mRNA","ug","100","US","Day 0/28","Live SARS-CoV-2 virus","MNT 50",321,235,438,32,"50",0.5,"18-55","adult","56","prime",80,"GMT/CI",1613,1488,1747,"Table 3",3.20763436738896,2.50650503240487,0.159011753782412,0.390216513878198,0.0177780545339467,0.0689811857735621,0.70112933498409,5.02492211838006,0.0495575468201028,0.0712352666432763,0.158332002761489,0.0127680291901314,0.561508212363268,0.840750457604911
"144",14,"Chu et al. 2021","NCT04405076","mRNA-1273","mRNA","ug","100","US","Day 0/28","Live SARS-CoV-2 virus","MNT 50",321,235,438,32,"50",0.5,">=55","elderly","56","prime",70,"GMT/CI",1671,1545,1807,"Table 3",3.22297644989339,2.50650503240487,0.145198225773924,0.390216513878198,0.0173545073469588,0.0689811857735621,0.71647141748852,5.20560747663552,0.0495575468201028,0.0711307452230211,0.144784316928611,0.0120766021608457,0.577055156851398,0.855887678125641
"145",14,"Chu et al. 2021","NCT04405076","mRNA-1273","mRNA","ug","100","US","Day 0/28","Live SARS-CoV-2 virus","MNT 50",321,235,438,32,"100",1,"18-55","adult","56","prime",82,"GMT/CI",1692,1586,1805,"Table 3",3.228400358703,2.50650503240487,0.129764646780312,0.390216513878198,0.0143301079745133,0.0689811857735621,0.721895326298133,5.27102803738318,0.0495575468201028,0.0704539281040305,0.129398848512914,0.00999213502585316,0.583805627214233,0.859985025382033
"146",14,"Chu et al. 2021","NCT04405076","mRNA-1273","mRNA","ug","100","US","Day 0/28","Live SARS-CoV-2 virus","MNT 50",321,235,438,32,"100",1,">=55","elderly","56","prime",70,"GMT/CI",1613,1460,1782,"Table 3",3.20763436738896,2.50650503240487,0.184737188795316,0.390216513878198,0.0220803173256171,0.0689811857735621,0.70112933498409,5.02492211838006,0.0495575468201028,0.0724288920523201,0.184548942607784,0.0156176196623542,0.559168706561542,0.843089963406637
"147",18,"Li et al. 2021","NCT04523571","BNT162b1","mRNA","ug","30","Jiangsu Province, China","Day 0/21","Live SARS-CoV-2 virus","MNT 50",119.9,70.4,204.6,24,"10",0.33,"18-55","adult","0","prime",24,"GMT/CI",5,5,5,"Figure 2A (95% CI from Bingyi's data)",0.698970004336019,2.07881918309885,0.44734451237116,0.579045590857917,0.0913138162119583,0.118197186284191,-1.37984917876283,0.0417014178482068,0.0853756146189596,0.149361266319923,0.440230822005258,0.0665397183661287,-1.67259726074988,-1.08710109677578
"148",18,"Li et al. 2021","NCT04523571","BNT162b1","mRNA","ug","30","Jiangsu Province, China","Day 0/21","Live SARS-CoV-2 virus","MNT 50",119.9,70.4,204.6,24,"10",0.33,"65-85","elderly","0","prime",24,"GMT/CI",5,5,5,"Figure 2A (95% CI from Bingyi's data)",0.698970004336019,2.07881918309885,0.44734451237116,0.579045590857917,0.0913138162119583,0.118197186284191,-1.37984917876283,0.0417014178482068,0.0853756146189596,0.149361266319923,0.443050638646175,0.0657629394788956,-1.67259726074988,-1.08710109677578
"149",18,"Li et al. 2021","NCT04523571","BNT162b1","mRNA","ug","30","Jiangsu Province, China","Day 0/21","Live SARS-CoV-2 virus","MNT 50",119.9,70.4,204.6,24,"30",1,"18-55","adult","0","prime",24,"GMT/CI",5,5,5,"Figure 2A (95% CI from Bingyi's data)",0.698970004336019,2.07881918309885,0.44734451237116,0.579045590857917,0.0913138162119583,0.118197186284191,-1.37984917876283,0.0417014178482068,0.0853756146189596,0.149361266319923,0.441781516423866,0.0650105735499632,-1.67259726074988,-1.08710109677578
"150",18,"Li et al. 2021","NCT04523571","BNT162b1","mRNA","ug","30","Jiangsu Province, China","Day 0/21","Live SARS-CoV-2 virus","MNT 50",119.9,70.4,204.6,24,"30",1,"65-85","elderly","0","prime",24,"GMT/CI",5,5,5,"Figure 2A (95% CI from Bingyi's data)",0.698970004336019,2.07881918309885,0.44734451237116,0.579045590857917,0.0913138162119583,0.118197186284191,-1.37984917876283,0.0417014178482068,0.0853756146189596,0.149361266319923,0.44175847224934,0.067057108082345,-1.67259726074988,-1.08710109677578
"151",18,"Li et al. 2021","NCT04523571","BNT162b1","mRNA","ug","30","Jiangsu Province, China","Day 0/21","Live SARS-CoV-2 virus","MNT 50",119.9,70.4,204.6,24,"10",0.33,"18-55","adult","21","prime",24,"GMT/CI",18.9,11,33,"Figure 2A (95% CI from Bingyi's data)",1.27646180417324,2.07881918309885,0.596277356887578,0.579045590857917,0.121714605795832,0.118197186284191,-0.802357378925605,0.157631359466222,0.0853756146189596,0.169661486818708,0.591074993471532,0.0858481783738673,-1.13489389309027,-0.469820864760937
"152",18,"Li et al. 2021","NCT04523571","BNT162b1","mRNA","ug","30","Jiangsu Province, China","Day 0/21","Live SARS-CoV-2 virus","MNT 50",119.9,70.4,204.6,24,"10",0.33,"65-85","elderly","21","prime",24,"GMT/CI",7,5,10,"Figure 2A (95% CI from Bingyi's data)",0.845098040014257,2.07881918309885,0.37620912584132,0.579045590857917,0.0767933662408115,0.118197186284191,-1.23372114308459,0.0583819849874896,0.0853756146189596,0.140953169329729,0.372285079353014,0.054956146735385,-1.50998935497086,-0.957452931198323
"153",18,"Li et al. 2021","NCT04523571","BNT162b1","mRNA","ug","30","Jiangsu Province, China","Day 0/21","Live SARS-CoV-2 virus","MNT 50",119.9,70.4,204.6,24,"30",1,"18-55","adult","21","prime",24,"GMT/CI",14.6,10,22,"Figure 2A (95% CI from Bingyi's data)",1.16435285578444,2.07881918309885,0.427939206311384,0.579045590857917,0.0873527246995424,0.118197186284191,-0.914466327314412,0.121768140116764,0.0853756146189596,0.146973036159473,0.426587546349941,0.0642972627944616,-1.20253347818698,-0.626399176441844
"154",18,"Li et al. 2021","NCT04523571","BNT162b1","mRNA","ug","30","Jiangsu Province, China","Day 0/21","Live SARS-CoV-2 virus","MNT 50",119.9,70.4,204.6,24,"30",1,"65-85","elderly","21","prime",24,"GMT/CI",11,7,16,"Figure 2A (95% CI from Bingyi's data)",1.04139268515823,2.07881918309885,0.448683962211661,0.579045590857917,0.0915872302657316,0.118197186284191,-1.03742649794062,0.091743119266055,0.0853756146189596,0.149528577848008,0.44218895381079,0.0648587651088641,-1.33050251052272,-0.744350485358527
"155",18,"Li et al. 2021","NCT04523571","BNT162b1","mRNA","ug","30","Jiangsu Province, China","Day 0/21","Live SARS-CoV-2 virus","MNT 50",119.9,70.4,204.6,24,"10",0.33,"18-55","adult","28","prime",24,"GMT/CI",56.6,32,101,"Figure 2A (95% CI from Bingyi's data)",1.75281643118827,2.07881918309885,0.623834292386091,0.579045590857917,0.127339641699678,0.118197186284191,-0.326002751910577,0.472060050041701,0.0853756146189596,0.173741069392651,0.620545626269408,0.0923062191646441,-0.666535247920174,0.0145297440990194
"156",18,"Li et al. 2021","NCT04523571","BNT162b1","mRNA","ug","30","Jiangsu Province, China","Day 0/21","Live SARS-CoV-2 virus","MNT 50",119.9,70.4,204.6,24,"10",0.33,"65-85","elderly","28","prime",24,"GMT/CI",14.4,9,24,"Figure 2A (95% CI from Bingyi's data)",1.15836249209525,2.07881918309885,0.532350020636381,0.579045590857917,0.108665492926602,0.118197186284191,-0.920456691003599,0.120100083402836,0.0853756146189596,0.160557666271285,0.529457796632677,0.0781079183660521,-1.23514971689532,-0.605763665111881
"157",18,"Li et al. 2021","NCT04523571","BNT162b1","mRNA","ug","30","Jiangsu Province, China","Day 0/21","Live SARS-CoV-2 virus","MNT 50",119.9,70.4,204.6,24,"30",1,"18-55","adult","28","prime",24,"GMT/CI",119.9,81,173,"Figure 2A (95% CI from Bingyi's data)",2.07881918309885,2.07881918309885,0.411865558924099,0.579045590857917,0.0840717051658535,0.118197186284191,0,1,0.0853756146189596,0.145046980165028,0.407026969421581,0.0606757574954595,-0.284292081123455,0.284292081123455
"158",18,"Li et al. 2021","NCT04523571","BNT162b1","mRNA","ug","30","Jiangsu Province, China","Day 0/21","Live SARS-CoV-2 virus","MNT 50",119.9,70.4,204.6,24,"30",1,"65-85","elderly","28","prime",24,"GMT/CI",49.4,26,92,"Figure 2A (95% CI from Bingyi's data)",1.69372694892365,2.07881918309885,0.685875223428219,0.579045590857917,0.140003693718045,0.118197186284191,-0.385092234175202,0.412010008340283,0.0853756146189596,0.183225568904004,0.679690134113271,0.102191154557528,-0.74421434922705,-0.0259701191233536
"159",18,"Li et al. 2021","NCT04523571","BNT162b1","mRNA","ug","30","Jiangsu Province, China","Day 0/21","Live SARS-CoV-2 virus","MNT 50",119.9,70.4,204.6,24,"10",0.33,"18-55","adult","42","prime",24,"GMT/CI",232.9,163,359,"Figure 2A (95% CI from Bingyi's data)",2.36716948853468,2.07881918309885,0.428544284456759,0.579045590857917,0.0874762357587657,0.118197186284191,0.288350305435832,1.94245204336947,0.0853756146189596,0.147046477917776,0.423246634539879,0.0637811547577856,0.000139208716991357,0.576561402154673
"160",18,"Li et al. 2021","NCT04523571","BNT162b1","mRNA","ug","30","Jiangsu Province, China","Day 0/21","Live SARS-CoV-2 virus","MNT 50",119.9,70.4,204.6,24,"10",0.33,"65-85","elderly","42","prime",24,"GMT/CI",80,50,131,"Figure 2A (95% CI from Bingyi's data)",1.90308998699194,2.07881918309885,0.522767715551365,0.579045590857917,0.106709513091772,0.118197186284191,-0.175729196106905,0.667222685571309,0.0853756146189596,0.159240368719062,0.515425888818023,0.0780460414522569,-0.487840318796267,0.136381926582456
"161",18,"Li et al. 2021","NCT04523571","BNT162b1","mRNA","ug","30","Jiangsu Province, China","Day 0/21","Live SARS-CoV-2 virus","MNT 50",119.9,70.4,204.6,24,"30",1,"18-55","adult","42","prime",24,"GMT/CI",254,185,349,"Figure 2A (95% CI from Bingyi's data)",2.40483371661994,2.07881918309885,0.344495360802844,0.579045590857917,0.0703198210602464,0.118197186284191,0.326014533521089,2.11843202668891,0.0853756146189596,0.137533458036381,0.341244862729091,0.0499921991144616,0.0564489557697834,0.595580111272395
"162",18,"Li et al. 2021","NCT04523571","BNT162b1","mRNA","ug","30","Jiangsu Province, China","Day 0/21","Live SARS-CoV-2 virus","MNT 50",119.9,70.4,204.6,24,"30",1,"65-85","elderly","42","prime",24,"GMT/CI",160,96,263,"Figure 2A (95% CI from Bingyi's data)",2.20411998265592,2.07881918309885,0.546991699576666,0.579045590857917,0.111654213125048,0.118197186284191,0.125300799557076,1.33444537114262,0.0853756146189596,0.162595320209634,0.540891224079721,0.0798165299280622,-0.193386028053807,0.443987627167959
"163",18,"Li et al. 2021","NCT04523571","BNT162b1","mRNA","ug","30","Jiangsu Province, China","Day 0/21","Live SARS-CoV-2 virus","MNT 50",119.9,70.4,204.6,24,"10",0.33,"18-55","adult","7","prime",24,"GMT/CI",5,5,5,"Figure 2A (95% CI from Bingyi's data)",0.698970004336019,2.07881918309885,0.44734451237116,0.579045590857917,0.0913138162119583,0.118197186284191,-1.37984917876283,0.0417014178482068,0.0853756146189596,0.149361266319923,0.443489653464215,0.0658250060455398,-1.67259726074988,-1.08710109677578
"164",18,"Li et al. 2021","NCT04523571","BNT162b1","mRNA","ug","30","Jiangsu Province, China","Day 0/21","Live SARS-CoV-2 virus","MNT 50",119.9,70.4,204.6,24,"30",1,"18-55","adult","7","prime",24,"GMT/CI",5,5,5,"Figure 2A (95% CI from Bingyi's data)",0.698970004336019,2.07881918309885,0.44734451237116,0.579045590857917,0.0913138162119583,0.118197186284191,-1.37984917876283,0.0417014178482068,0.0853756146189596,0.149361266319923,0.442246757573495,0.0669973265077325,-1.67259726074988,-1.08710109677578
"165",29,"Mulligan et al. 2020","NCT04368728","BNT162b1","mRNA","ug","30","US","Day 0/20","Pseudo wild-type virus","Fluorescent neutralization assay",94,60.5,121,38,"10",0.33,"18-55","adult","0","prime",12,"GMT/CI",10,10,10,"Figure 4B",1,1.9731278535997,0.44734451237116,0.473386102189984,0.129137237318996,0.0767933662408116,-0.973127853599699,0.106382978723404,0.055030016593726,0.150245289979347,0.43770120231372,0.0921595254027738,-1.26760862195922,-0.678647085240179
"166",29,"Mulligan et al. 2020","NCT04368728","BNT162b1","mRNA","ug","30","US","Day 0/20","Pseudo wild-type virus","Fluorescent neutralization assay",94,60.5,121,38,"30",1,"18-55","adult","0","prime",12,"GMT/CI",10,10,10,"Figure 4B",1,1.9731278535997,0.44734451237116,0.473386102189984,0.129137237318996,0.0767933662408116,-0.973127853599699,0.106382978723404,0.055030016593726,0.150245289979347,0.437678976170801,0.0939676308314994,-1.26760862195922,-0.678647085240179
"167",29,"Mulligan et al. 2020","NCT04368728","BNT162b1","mRNA","ug","30","US","Day 0","Pseudo wild-type virus","Fluorescent neutralization assay",94,60.5,121,38,"100",0.33,"18-55","adult","0","prime",12,"GMT/CI",10,10,10,"Figure 4B",1,1.9731278535997,0.44734451237116,0.473386102189984,0.129137237318996,0.0767933662408116,-0.973127853599699,0.106382978723404,0.055030016593726,0.150245289979347,0.436651884621676,0.0940963905166178,-1.26760862195922,-0.678647085240179
"168",29,"Mulligan et al. 2020","NCT04368728","BNT162b1","mRNA","ug","30","US","Day 0/20","Pseudo wild-type virus","Fluorescent neutralization assay",94,60.5,121,38,"10",0.33,"18-55","adult","20","prime",12,"GMT/CI",13,NA,NA,"Figure 4B",1.11394335230684,1.9731278535997,0.44734451237116,0.473386102189984,0.129137237318996,0.0767933662408116,-0.859184501292862,0.138297872340426,0.055030016593726,0.150245289979347,0.438603518433987,0.0935056678719879,-1.15366526965238,-0.564703732933342
"169",29,"Mulligan et al. 2020","NCT04368728","BNT162b1","mRNA","ug","30","US","Day 0/20","Pseudo wild-type virus","Fluorescent neutralization assay",94,60.5,121,38,"30",1,"18-55","adult","20","prime",12,"GMT/CI",29,NA,NA,"Figure 4B",1.46239799789896,1.9731278535997,0.44734451237116,0.473386102189984,0.129137237318996,0.0767933662408116,-0.510729855700742,0.308510638297872,0.055030016593726,0.150245289979347,0.4385517899449,0.0940582620609405,-0.805210624060262,-0.216249087341223
"170",29,"Mulligan et al. 2020","NCT04368728","BNT162b1","mRNA","ug","30","US","Day 0","Pseudo wild-type virus","Fluorescent neutralization assay",94,60.5,121,38,"100",0.33,"18-55","adult","20","prime",12,"GMT/CI",33,NA,NA,"Figure 4B",1.51851393987789,1.9731278535997,0.44734451237116,0.473386102189984,0.129137237318996,0.0767933662408116,-0.454613913721811,0.351063829787234,0.055030016593726,0.150245289979347,0.436862144139659,0.0923451551833141,-0.749094682081331,-0.160133145362291
"171",29,"Mulligan et al. 2020","NCT04368728","BNT162b1","mRNA","ug","30","US","Day 0/20","Pseudo wild-type virus","Fluorescent neutralization assay",94,60.5,121,38,"10",0.33,"18-55","adult","27","prime",12,"GMT/CI",168,NA,NA,"Figure 4B",2.22530928172586,1.9731278535997,0.44734451237116,0.473386102189984,0.129137237318996,0.0767933662408116,0.252181428126164,1.78723404255319,0.055030016593726,0.150245289979347,0.435101103847906,0.092183784599607,-0.0422993402333555,0.546662196485684
"172",29,"Mulligan et al. 2020","NCT04368728","BNT162b1","mRNA","ug","30","US","Day 0/20","Pseudo wild-type virus","Fluorescent neutralization assay",94,60.5,121,38,"30",1,"18-55","adult","27","prime",12,"GMT/CI",267,NA,NA,"Figure 4B",2.42651126136458,1.9731278535997,0.44734451237116,0.473386102189984,0.129137237318996,0.0767933662408116,0.453383407764877,2.8404255319149,0.055030016593726,0.150245289979347,0.437998557089641,0.0936151215590892,0.158902639405357,0.747864176124397
"173",29,"Mulligan et al. 2020","NCT04368728","BNT162b1","mRNA","ug","30","US","Day 0/20","Pseudo wild-type virus","Fluorescent neutralization assay",94,60.5,121,38,"10",0.33,"18-55","adult","34","prime",12,"GMT/CI",180,NA,NA,"Figure 4B",2.25527250510331,1.9731278535997,0.44734451237116,0.473386102189984,0.129137237318996,0.0767933662408116,0.282144651503607,1.91489361702128,0.055030016593726,0.150245289979347,0.433271848708714,0.0906033131336541,-0.0123361168559123,0.576625419863127
"174",29,"Mulligan et al. 2020","NCT04368728","BNT162b1","mRNA","ug","30","US","Day 0/20","Pseudo wild-type virus","Fluorescent neutralization assay",94,60.5,121,38,"30",1,"18-55","adult","34","prime",12,"GMT/CI",437,NA,NA,"Figure 4B",2.64048143697042,1.9731278535997,0.44734451237116,0.473386102189984,0.129137237318996,0.0767933662408116,0.667353583370723,4.64893617021277,0.055030016593726,0.150245289979347,0.437905283653917,0.0968162122090519,0.372872815011204,0.961834351730243
"175",29,"Mulligan et al. 2020","NCT04368728","BNT162b1","mRNA","ug","30","US","Day 0/20","Pseudo wild-type virus","Fluorescent neutralization assay",94,60.5,121,38,"10",0.33,"18-55","adult","6","prime",12,"GMT/CI",10,NA,NA,"Figure 4B",1,1.9731278535997,0.44734451237116,0.473386102189984,0.129137237318996,0.0767933662408116,-0.973127853599699,0.106382978723404,0.055030016593726,0.150245289979347,0.435244125274978,0.0936132229213099,-1.26760862195922,-0.678647085240179
"176",29,"Mulligan et al. 2020","NCT04368728","BNT162b1","mRNA","ug","30","US","Day 0/20","Pseudo wild-type virus","Fluorescent neutralization assay",94,60.5,121,38,"30",1,"18-55","adult","6","prime",12,"GMT/CI",10,NA,NA,"Figure 4B",1,1.9731278535997,0.44734451237116,0.473386102189984,0.129137237318996,0.0767933662408116,-0.973127853599699,0.106382978723404,0.055030016593726,0.150245289979347,0.436927427706643,0.0952502045991204,-1.26760862195922,-0.678647085240179
"177",29,"Mulligan et al. 2020","NCT04368728","BNT162b1","mRNA","ug","30","US","Day 0","Pseudo wild-type virus","Fluorescent neutralization assay",94,60.5,121,38,"100",0.33,"18-55","adult","6","prime",12,"GMT/CI",10,NA,NA,"Figure 4B",1,1.9731278535997,0.44734451237116,0.473386102189984,0.129137237318996,0.0767933662408116,-0.973127853599699,0.106382978723404,0.055030016593726,0.150245289979347,0.438666189844978,0.0964113932722571,-1.26760862195922,-0.678647085240179
"178",38,"Chen et al. 2022","ChiCTR2000039212","ARCoV","mRNA","ug","15","Hangzhou, China","Day 0/28","Live SARS-CoV-2 virus","MNT 50",71,NA,NA,NA,"5",0.33,"18-59","adult","0","prime",20,"GMT",4,NA,NA,"Figure 2C",0.602059991327962,1.85125834871908,0.44734451237116,0.969499917363362,0.100029273902341,NA,-1.24919835739111,0.0563380281690141,NA,NA,0.443229923856592,0.0728574084367652,NA,NA
"179",38,"Chen et al. 2022","ChiCTR2000039212","ARCoV","mRNA","ug","15","Hangzhou, China","Day 0/28","Live SARS-CoV-2 virus","MNT 50",71,NA,NA,NA,"10",0.67,"18-59","adult","0","prime",20,"GMT",4,NA,NA,"Figure 2C",0.602059991327962,1.85125834871908,0.44734451237116,0.969499917363362,0.100029273902341,NA,-1.24919835739111,0.0563380281690141,NA,NA,0.439815511460519,0.0721291062770151,NA,NA
"180",38,"Chen et al. 2022","ChiCTR2000039212","ARCoV","mRNA","ug","15","Hangzhou, China","Day 0/28","Live SARS-CoV-2 virus","MNT 50",71,NA,NA,NA,"15",1,"18-59","adult","0","prime",20,"GMT",4,NA,NA,"Figure 2C",0.602059991327962,1.85125834871908,0.44734451237116,0.969499917363362,0.100029273902341,NA,-1.24919835739111,0.0563380281690141,NA,NA,0.44075768306683,0.0724944744172842,NA,NA
"181",38,"Chen et al. 2022","ChiCTR2000039212","ARCoV","mRNA","ug","15","Hangzhou, China","Day 0/28","Live SARS-CoV-2 virus","MNT 50",71,NA,NA,NA,"20",1.33,"18-59","adult","0","prime",20,"GMT",4,NA,NA,"Figure 2C",0.602059991327962,1.85125834871908,0.44734451237116,0.969499917363362,0.100029273902341,NA,-1.24919835739111,0.0563380281690141,NA,NA,0.442542767926955,0.0712104540885476,NA,NA
"182",38,"Chen et al. 2022","ChiCTR2000039212","ARCoV","mRNA","ug","15","Hangzhou, China","Day 0/28","Live SARS-CoV-2 virus","MNT 50",71,NA,NA,NA,"25",1.67,"18-59","adult","0","prime",20,"GMT",4,NA,NA,"Figure 2C",0.602059991327962,1.85125834871908,0.44734451237116,0.969499917363362,0.100029273902341,NA,-1.24919835739111,0.0563380281690141,NA,NA,0.438637768217971,0.072135022792667,NA,NA
"183",38,"Chen et al. 2022","ChiCTR2000039212","ARCoV","mRNA","ug","15","Hangzhou, China","Day 0/28","Live SARS-CoV-2 virus","MNT 50",71,NA,NA,NA,"5",0.33,"18-59","adult","28","prime",20,"GMT",4,NA,NA,"Figure 2C",0.602059991327962,1.85125834871908,0.44734451237116,0.969499917363362,0.100029273902341,NA,-1.24919835739111,0.0563380281690141,NA,NA,0.439495564932365,0.0717205959132309,NA,NA
"184",38,"Chen et al. 2022","ChiCTR2000039212","ARCoV","mRNA","ug","15","Hangzhou, China","Day 0/28","Live SARS-CoV-2 virus","MNT 50",71,NA,NA,NA,"10",0.67,"18-59","adult","28","prime",20,"GMT",4,NA,NA,"Figure 2C",0.602059991327962,1.85125834871908,0.44734451237116,0.969499917363362,0.100029273902341,NA,-1.24919835739111,0.0563380281690141,NA,NA,0.441322636037097,0.0721888461611855,NA,NA
"185",38,"Chen et al. 2022","ChiCTR2000039212","ARCoV","mRNA","ug","15","Hangzhou, China","Day 0/28","Live SARS-CoV-2 virus","MNT 50",71,NA,NA,NA,"15",1,"18-59","adult","28","prime",20,"GMT",4,NA,NA,"Figure 2C",0.602059991327962,1.85125834871908,0.44734451237116,0.969499917363362,0.100029273902341,NA,-1.24919835739111,0.0563380281690141,NA,NA,0.439683176176464,0.0721217211871342,NA,NA
"186",38,"Chen et al. 2022","ChiCTR2000039212","ARCoV","mRNA","ug","15","Hangzhou, China","Day 0/28","Live SARS-CoV-2 virus","MNT 50",71,NA,NA,NA,"20",1.33,"18-59","adult","28","prime",20,"GMT",4,NA,NA,"Figure 2C",0.602059991327962,1.85125834871908,0.44734451237116,0.969499917363362,0.100029273902341,NA,-1.24919835739111,0.0563380281690141,NA,NA,0.44166461843294,0.0726551093122466,NA,NA
"187",38,"Chen et al. 2022","ChiCTR2000039212","ARCoV","mRNA","ug","15","Hangzhou, China","Day 0/28","Live SARS-CoV-2 virus","MNT 50",71,NA,NA,NA,"25",1.67,"18-59","adult","28","prime",20,"GMT",4,NA,NA,"Figure 2C",0.602059991327962,1.85125834871908,0.44734451237116,0.969499917363362,0.100029273902341,NA,-1.24919835739111,0.0563380281690141,NA,NA,0.443950466147548,0.0719848477296053,NA,NA
"188",38,"Chen et al. 2022","ChiCTR2000039212","ARCoV","mRNA","ug","15","Hangzhou, China","Day 0/28","Live SARS-CoV-2 virus","MNT 50",71,NA,NA,NA,"5",0.33,"18-59","adult","35","prime",20,"GMT",6,NA,NA,"Figure 2C",0.778151250383644,1.85125834871908,0.44734451237116,0.969499917363362,0.100029273902341,NA,-1.07310709833543,0.0845070422535211,NA,NA,0.441784226099669,0.0719061298411897,NA,NA
"189",38,"Chen et al. 2022","ChiCTR2000039212","ARCoV","mRNA","ug","15","Hangzhou, China","Day 0/28","Live SARS-CoV-2 virus","MNT 50",71,NA,NA,NA,"10",0.67,"18-59","adult","35","prime",20,"GMT",4,NA,NA,"Figure 2C",0.602059991327962,1.85125834871908,0.44734451237116,0.969499917363362,0.100029273902341,NA,-1.24919835739111,0.0563380281690141,NA,NA,0.440260229117572,0.0737289077107139,NA,NA
"190",38,"Chen et al. 2022","ChiCTR2000039212","ARCoV","mRNA","ug","15","Hangzhou, China","Day 0/28","Live SARS-CoV-2 virus","MNT 50",71,NA,NA,NA,"15",1,"18-59","adult","35","prime",20,"GMT",6,NA,NA,"Figure 2C",0.778151250383644,1.85125834871908,0.44734451237116,0.969499917363362,0.100029273902341,NA,-1.07310709833543,0.0845070422535211,NA,NA,0.443210808249219,0.0728462574762214,NA,NA
"191",38,"Chen et al. 2022","ChiCTR2000039212","ARCoV","mRNA","ug","15","Hangzhou, China","Day 0/28","Live SARS-CoV-2 virus","MNT 50",71,NA,NA,NA,"20",1.33,"18-59","adult","35","prime",20,"GMT",4,NA,NA,"Figure 2C",0.602059991327962,1.85125834871908,0.44734451237116,0.969499917363362,0.100029273902341,NA,-1.24919835739111,0.0563380281690141,NA,NA,0.442213757366266,0.0707667266358373,NA,NA
"192",38,"Chen et al. 2022","ChiCTR2000039212","ARCoV","mRNA","ug","15","Hangzhou, China","Day 0/28","Live SARS-CoV-2 virus","MNT 50",71,NA,NA,NA,"25",1.67,"18-59","adult","35","prime",20,"GMT",4,NA,NA,"Figure 2C",0.602059991327962,1.85125834871908,0.44734451237116,0.969499917363362,0.100029273902341,NA,-1.24919835739111,0.0563380281690141,NA,NA,0.44076470808868,0.0709974324836694,NA,NA
"193",38,"Chen et al. 2022","ChiCTR2000039212","ARCoV","mRNA","ug","15","Hangzhou, China","Day 0/28","Live SARS-CoV-2 virus","MNT 50",71,NA,NA,NA,"5",0.33,"18-59","adult","43","prime",20,"GMT",31,NA,NA,"Figure 2C",1.49136169383427,1.85125834871908,0.44734451237116,0.969499917363362,0.100029273902341,NA,-0.359896654884803,0.436619718309859,NA,NA,0.442516662271955,0.0709049941239751,NA,NA
"194",38,"Chen et al. 2022","ChiCTR2000039212","ARCoV","mRNA","ug","15","Hangzhou, China","Day 0/28","Live SARS-CoV-2 virus","MNT 50",71,NA,NA,NA,"10",0.67,"18-59","adult","43","prime",20,"GMT",49,NA,NA,"Figure 2C",1.69019608002851,1.85125834871908,0.44734451237116,0.969499917363362,0.100029273902341,NA,-0.161062268690562,0.690140845070423,NA,NA,0.44095792248285,0.0703024165067324,NA,NA
"195",38,"Chen et al. 2022","ChiCTR2000039212","ARCoV","mRNA","ug","15","Hangzhou, China","Day 0/28","Live SARS-CoV-2 virus","MNT 50",71,NA,NA,NA,"15",1,"18-59","adult","43","prime",20,"GMT",145,NA,NA,"Figure 2C",2.16136800223497,1.85125834871908,0.44734451237116,0.969499917363362,0.100029273902341,NA,0.3101096535159,2.04225352112676,NA,NA,0.439114625232541,0.070068819725458,NA,NA
"196",38,"Chen et al. 2022","ChiCTR2000039212","ARCoV","mRNA","ug","15","Hangzhou, China","Day 0/28","Live SARS-CoV-2 virus","MNT 50",71,NA,NA,NA,"20",1.33,"18-59","adult","43","prime",20,"GMT",48,NA,NA,"Figure 2C",1.68124123737559,1.85125834871908,0.44734451237116,0.969499917363362,0.100029273902341,NA,-0.170017111343488,0.676056338028169,NA,NA,0.440377537831689,0.0716362244782767,NA,NA
"197",38,"Chen et al. 2022","ChiCTR2000039212","ARCoV","mRNA","ug","15","Hangzhou, China","Day 0/28","Live SARS-CoV-2 virus","MNT 50",71,NA,NA,NA,"25",1.67,"18-59","adult","43","prime",20,"GMT",52,NA,NA,"Figure 2C",1.7160033436348,1.85125834871908,0.44734451237116,0.969499917363362,0.100029273902341,NA,-0.135255005084276,0.732394366197183,NA,NA,0.443352648727069,0.0729122726736106,NA,NA
"198",38,"Chen et al. 2022","ChiCTR2000039212","ARCoV","mRNA","ug","15","Hangzhou, China","Day 0/28","Live SARS-CoV-2 virus","MNT 50",71,NA,NA,NA,"5",0.33,"18-59","adult","56","prime",20,"GMT",42,NA,NA,"Figure 2C",1.6232492903979,1.85125834871908,0.44734451237116,0.969499917363362,0.100029273902341,NA,-0.228009058321175,0.591549295774648,NA,NA,0.442031245146229,0.0729539484011391,NA,NA
"199",38,"Chen et al. 2022","ChiCTR2000039212","ARCoV","mRNA","ug","15","Hangzhou, China","Day 0/28","Live SARS-CoV-2 virus","MNT 50",71,NA,NA,NA,"10",0.67,"18-59","adult","56","prime",20,"GMT",78,NA,NA,"Figure 2C",1.89209460269048,1.85125834871908,0.44734451237116,0.969499917363362,0.100029273902341,NA,0.0408362539714051,1.09859154929577,NA,NA,0.44452511551935,0.0715819401207815,NA,NA
"200",38,"Chen et al. 2022","ChiCTR2000039212","ARCoV","mRNA","ug","15","Hangzhou, China","Day 0/28","Live SARS-CoV-2 virus","MNT 50",71,NA,NA,NA,"15",1,"18-59","adult","56","prime",20,"GMT",133,NA,NA,"Figure 2C",2.12385164096709,1.85125834871908,0.44734451237116,0.969499917363362,0.100029273902341,NA,0.272593292248011,1.87323943661972,NA,NA,0.440929984733901,0.0726447877679973,NA,NA
"201",38,"Chen et al. 2022","ChiCTR2000039212","ARCoV","mRNA","ug","15","Hangzhou, China","Day 0/28","Live SARS-CoV-2 virus","MNT 50",71,NA,NA,NA,"20",1.33,"18-59","adult","56","prime",20,"GMT",30,NA,NA,"Figure 2C",1.47712125471966,1.85125834871908,0.44734451237116,0.969499917363362,0.100029273902341,NA,-0.374137093999413,0.422535211267606,NA,NA,0.443736593546131,0.0739396647221318,NA,NA
"202",38,"Chen et al. 2022","ChiCTR2000039212","ARCoV","mRNA","ug","15","Hangzhou, China","Day 0/28","Live SARS-CoV-2 virus","MNT 50",71,NA,NA,NA,"25",1.67,"18-59","adult","56","prime",20,"GMT",41,NA,NA,"Figure 2C",1.61278385671974,1.85125834871908,0.44734451237116,0.969499917363362,0.100029273902341,NA,-0.23847449199934,0.577464788732394,NA,NA,0.439558521209383,0.0735075207486907,NA,NA
