,study_id,study,ClinicalTrials,vaccine,vaccine_type,dose_unit,standard_dosage,location,vacc_schedule,against_strain,assay,conv,conv_lower,conv_upper,conv_N,dosage_tested,dose_frac,age,age_group,measured_day,schedule_type,N,nab_measurement,nab,nab_lower,nab_upper,derived_from,logTiter_vaccine,logTiter_conv,sd_vaccine,sd_conv,se_vaccine,se_conv,log_ratio_to_conv,ratio_to_conv,mean_sd_vaccine,se_sd_vaccine,log_ratio_lower,log_ratio_upper
14,1,Jackson et al. 2020,NCT04283461,mRNA-1273,mRNA,ug,100,"Seattle & Atlanta, US",Day 0/28,wild-type SARS-CoV-2,PsVNA ID50,109.2,59.6,199.9,38,250,2.5,18-55,adult,36,prime,14,GMT/CI,373.5,308.6,452.2,Table 2,2.572290606,2.038222638,0.158385346,0.826482067,0.042330264,0.134073096,0.534067968,3.42032967,0.156592273,0.030603348,0.450671078,0.619510078
15,1,Jackson et al. 2020,NCT04283461,mRNA-1273,mRNA,ug,100,"Seattle & Atlanta, US",Day 0/28,wild-type SARS-CoV-2,PsVNA ID50,109.2,59.6,199.9,38,25,0.25,18-55,adult,42,prime,13,GMT/CI,112.3,71.2,177.1,Table 2,2.050379756,2.038222638,0.3639938,0.826482067,0.100953716,0.134073096,0.012157118,1.028388278,0.35529582,0.073173567,-0.197251052,0.209289629
16,1,Jackson et al. 2020,NCT04283461,mRNA-1273,mRNA,ug,100,"Seattle & Atlanta, US",Day 0/28,wild-type SARS-CoV-2,PsVNA ID50,109.2,59.6,199.9,38,100,1,18-55,adult,42,prime,14,GMT/CI,343.8,261.2,452.7,Table 2,2.536305872,2.038222638,0.227971283,0.826482067,0.060927888,0.134073096,0.498083234,3.148351648,0.225809897,0.043336503,0.377201744,0.619569222
18,1,Jackson et al. 2020,NCT04283461,mRNA-1273,mRNA,ug,100,"Seattle & Atlanta, US",Day 0/28,wild-type SARS-CoV-2,Live virus PRNT80,158.3,15.1,1663,3,25,0.25,18-55,adult,42,prime,13,GMT/CI,339.7,184,627.1,Table 2,2.531095547,2.199480915,0.489802163,0.902219655,0.135846678,0.520896761,0.331614632,2.145925458,0.480313341,0.099170916,0.068692036,0.593147773
19,1,Jackson et al. 2020,NCT04283461,mRNA-1273,mRNA,ug,100,"Seattle & Atlanta, US",Day 0/28,wild-type SARS-CoV-2,Live virus PRNT80,158.3,15.1,1663,3,100,1,18-55,adult,42,prime,14,GMT/CI,654.3,460.1,930.5,Table 2,2.81577692,2.199480915,0.291948682,0.902219655,0.078026567,0.520896761,0.616296005,4.133291219,0.28883123,0.057293745,0.459004663,0.769952672
54,2,Anderson et al. 2020,NCT04283461,mRNA-1273,mRNA,ug,100,"Seattle & Bethesda, US",Day 0/28,wild-type SARS-CoV-2,PsVNA ID50,106,60,189,41,25,0.4,>=71,elderly,35,prime,10,GMT/CI,121,69,211,"Table S4, Table S5",2.08278537,2.025305865,0.391600787,0.813965404,0.123835042,0.127120039,0.057479505,1.141509434,0.377601528,0.090385299,-0.180172256,0.295180583
63,2,Anderson et al. 2020,NCT04283461,mRNA-1273,mRNA,ug,100,"Seattle & Bethesda, US",Day 0/28,wild-type SARS-CoV-2,PsVNA ID50,106,60,189,41,25,0.4,56-70,elderly,42,prime,10,GMT/CI,116,66,205,"Table S4, Table S5",2.064457989,2.025305865,0.397067462,0.813965404,0.125563757,0.127120039,0.039152124,1.094339623,0.387346859,0.090674796,-0.203917097,0.280009158
65,2,Anderson et al. 2020,NCT04283461,mRNA-1273,mRNA,ug,100,"Seattle & Bethesda, US",Day 0/28,wild-type SARS-CoV-2,PsVNA ID50,106,60,189,41,100,1,56-70,elderly,42,prime,9,GMT/CI,402,289,560,"Table S4, Table S5",2.604226053,2.025305865,0.219864937,0.813965404,0.073288312,0.127120039,0.578920188,3.79245283,0.212314372,0.053649479,0.434240021,0.720734703
66,2,Anderson et al. 2020,NCT04283461,mRNA-1273,mRNA,ug,100,"Seattle & Bethesda, US",Day 0/28,wild-type SARS-CoV-2,PsVNA ID50,106,60,189,41,100,1,>=71,elderly,42,prime,10,GMT/CI,317,198,508,"Table S4, Table S5",2.501059262,2.025305865,0.330101874,0.813965404,0.104387378,0.127120039,0.475753397,2.990566038,0.320812222,0.07720164,0.264275682,0.679693216
67,2,Anderson et al. 2020,NCT04283461,mRNA-1273,mRNA,ug,100,"Seattle & Bethesda, US",Day 0/28,wild-type SARS-CoV-2,PsVNA ID50,106,60,189,41,100,1,18-55,adult,42,prime,14,GMT/CI,360,237,476,"Table S4, Table S5",2.556302501,2.025305865,0.289079883,0.813965404,0.077259849,0.127120039,0.530996636,3.396226415,0.284084888,0.055349125,0.378127327,0.683470931
68,2,Anderson et al. 2020,NCT04283461,mRNA-1273,mRNA,ug,100,"Seattle & Bethesda, US",Day 0/28,wild-type SARS-CoV-2,PsVNA ID80,41,26,66,41,25,0.4,56-70,elderly,42,prime,10,GMT/CI,54,29,100,"Table S4, Table S5",1.73239376,1.612783857,0.433685408,0.660845851,0.137143368,0.103206783,0.119609903,1.317073171,0.427137708,0.100186423,-0.145146391,0.382724192
69,2,Anderson et al. 2020,NCT04283461,mRNA-1273,mRNA,ug,100,"Seattle & Bethesda, US",Day 0/28,wild-type SARS-CoV-2,PsVNA ID80,41,26,66,41,25,0.4,>=71,elderly,42,prime,10,GMT/CI,61,34,110,"Table S4, Table S5",1.785329835,1.612783857,0.411349214,0.660845851,0.130080043,0.103206783,0.172545978,1.487804878,0.400194638,0.094745937,-0.091931711,0.426077416
70,2,Anderson et al. 2020,NCT04283461,mRNA-1273,mRNA,ug,100,"Seattle & Bethesda, US",Day 0/28,wild-type SARS-CoV-2,PsVNA ID80,41,26,66,41,100,1,56-70,elderly,42,prime,9,GMT/CI,203,145,283,"Table S4, Table S5",2.307496038,1.612783857,0.222259005,0.660845851,0.074086335,0.103206783,0.694712181,4.951219512,0.217227905,0.053003216,0.547029027,0.845231302
71,2,Anderson et al. 2020,NCT04283461,mRNA-1273,mRNA,ug,100,"Seattle & Bethesda, US",Day 0/28,wild-type SARS-CoV-2,PsVNA ID80,41,26,66,41,100,1,>=71,elderly,42,prime,10,GMT/CI,194,121,311,"Table S4, Table S5",2.28780173,1.612783857,0.330728276,0.660845851,0.104585464,0.103206783,0.675017873,4.731707317,0.323581515,0.077341547,0.472032237,0.879574028
72,2,Anderson et al. 2020,NCT04283461,mRNA-1273,mRNA,ug,100,"Seattle & Bethesda, US",Day 0/28,wild-type SARS-CoV-2,PsVNA ID80,41,26,66,41,100,1,18-55,adult,42,prime,14,GMT/CI,164,122,219,"Table S4, Table S5",2.214843848,1.612783857,0.242524576,0.660845851,0.064817419,0.103206783,0.602059991,4,0.238458076,0.047942389,0.474181892,0.728845652
110,10,Walsh et al. 2020,NCT04368728,BNT162b1,mRNA,ug,30,US,Day 0/21,Live SARS-CoV-2 virus,MNT 50,94,62,147,38,20,0.67,65-85,elderly,28,prime,12,GMT/CI,179,95,328,Figure 4B,2.252853031,1.973127854,0.475563038,0.589591045,0.137283224,0.095644297,0.279725177,1.904255319,0.465093961,0.099039249,0.016894624,0.544065721
113,10,Walsh et al. 2020,NCT04368728,BNT162b2,mRNA,ug,30,US,Day 0/21,Live SARS-CoV-2 virus,MNT 50,94,62,147,38,10,0.33,18-55,adult,28,prime,12,GMT/CI,157,97,252,Figure 4B,2.195899652,1.973127854,0.366407224,0.589591045,0.105772655,0.095644297,0.222771799,1.670212766,0.355581148,0.077168615,0.01774644,0.430122184
115,10,Walsh et al. 2020,NCT04368728,BNT162b2,mRNA,ug,30,US,Day 0/21,Live SARS-CoV-2 virus,MNT 50,94,62,147,38,20,0.67,18-55,adult,28,prime,12,GMT/CI,363,257,513,Figure 4B,2.559906625,1.973127854,0.265272632,0.589591045,0.076577613,0.095644297,0.586778771,3.861702128,0.257432856,0.055374138,0.433110222,0.732829002
116,10,Walsh et al. 2020,NCT04368728,BNT162b2,mRNA,ug,30,US,Day 0/21,Live SARS-CoV-2 virus,MNT 50,94,62,147,38,20,0.67,65-85,elderly,28,prime,12,GMT/CI,84,46,159,Figure 4B,1.924279286,1.973127854,0.475995215,0.589591045,0.137407983,0.095644297,-0.048848568,0.893617021,0.462615015,0.099210246,-0.314895628,0.216577997
117,10,Walsh et al. 2020,NCT04368728,BNT162b2,mRNA,ug,30,US,Day 0/21,Live SARS-CoV-2 virus,MNT 50,94,62,147,38,30,1,18-55,adult,28,prime,12,GMT/CI,361,238,549,Figure 4B,2.557507202,1.973127854,0.320778803,0.589591045,0.092600864,0.095644297,0.584379348,3.840425532,0.313532939,0.067054645,0.39537705,0.770010581
119,10,Walsh et al. 2020,NCT04368728,BNT162b1,mRNA,ug,30,US,Day 0/21,Live SARS-CoV-2 virus,MNT 50,94,62,147,38,10,0.33,18-55,adult,35,prime,12,GMT/CI,180,106,305,Figure 4B,2.255272505,1.973127854,0.405612696,0.589591045,0.1170903,0.095644297,0.282144652,1.914893617,0.398554921,0.08447895,0.060479085,0.513815495
120,10,Walsh et al. 2020,NCT04368728,BNT162b1,mRNA,ug,30,US,Day 0/21,Live SARS-CoV-2 virus,MNT 50,94,62,147,38,10,0.33,65-85,elderly,35,prime,12,GMT/CI,33,16,67,Figure 4B,1.51851394,1.973127854,0.549621096,0.589591045,0.158661944,0.095644297,-0.454613914,0.35106383,0.53533251,0.113934833,-0.761929592,-0.14417157
121,10,Walsh et al. 2020,NCT04368728,BNT162b1,mRNA,ug,30,US,Day 0/21,Live SARS-CoV-2 virus,MNT 50,94,62,147,38,20,0.67,18-55,adult,35,prime,12,GMT/CI,203,123,334,Figure 4B,2.307496038,1.973127854,0.383385342,0.589591045,0.110673815,0.095644297,0.334368184,2.159574468,0.37317981,0.080582842,0.121318173,0.547537876
123,10,Walsh et al. 2020,NCT04368728,BNT162b1,mRNA,ug,30,US,Day 0/21,Live SARS-CoV-2 virus,MNT 50,94,62,147,38,30,1,18-55,adult,35,prime,12,GMT/CI,437,302,633,Figure 4B,2.640481437,1.973127854,0.284018128,0.589591045,0.081988971,0.095644297,0.667353583,4.64893617,0.278303651,0.059804418,0.502526032,0.830684366
124,10,Walsh et al. 2020,NCT04368728,BNT162b1,mRNA,ug,30,US,Day 0/21,Live SARS-CoV-2 virus,MNT 50,94,62,147,38,30,1,65-85,elderly,35,prime,12,GMT/CI,105,50,221,Figure 4B,2.021189299,1.973127854,0.570359267,0.589591045,0.164648538,0.095644297,0.048061445,1.117021277,0.562507634,0.118090826,-0.279045565,0.372397262
126,10,Walsh et al. 2020,NCT04368728,BNT162b2,mRNA,ug,30,US,Day 0/21,Live SARS-CoV-2 virus,MNT 50,94,62,147,38,10,0.33,65-85,elderly,35,prime,12,GMT/CI,111,81,167,Figure 4B,2.045322979,1.973127854,0.277686143,0.589591045,0.080161085,0.095644297,0.072195125,1.180851064,0.271496745,0.057906329,-0.083551048,0.2297059
130,10,Walsh et al. 2020,NCT04368728,BNT162b2,mRNA,ug,30,US,Day 0/21,Live SARS-CoV-2 virus,MNT 50,94,62,147,38,30,1,65-85,elderly,35,prime,12,GMT/CI,206,109,392,Figure 4B,2.31386722,1.973127854,0.491212763,0.589591045,0.14180091,0.095644297,0.340739367,2.191489362,0.480411082,0.102180434,0.071375549,0.618643496
139,14,Chu et al. 2021,NCT04405076,mRNA-1273,mRNA,ug,100,US,Day 0/28,Live SARS-CoV-2 virus,MNT 50,321,235,438,32,50,0.5,18-55,adult,42,prime,78,GMT/CI,1733,1611,1865,Table 3,3.238798563,2.506505032,0.143253179,0.390216514,0.016220229,0.068981186,0.73229353,5.398753894,0.142930038,0.011757179,0.699902542,0.763864975
140,14,Chu et al. 2021,NCT04405076,mRNA-1273,mRNA,ug,100,US,Day 0/28,Live SARS-CoV-2 virus,MNT 50,321,235,438,32,50,0.5,>=55,elderly,42,prime,63,GMT/CI,1827,1722,1938,Table 3,3.261738547,2.506505032,0.103914499,0.390216514,0.013091996,0.068981186,0.755233515,5.691588785,0.103119739,0.009463198,0.729136248,0.780910507
141,14,Chu et al. 2021,NCT04405076,mRNA-1273,mRNA,ug,100,US,Day 0/28,Live SARS-CoV-2 virus,MNT 50,321,235,438,32,100,1,18-55,adult,42,prime,88,GMT/CI,1909,1849,1970,Table 3,3.280805928,2.506505032,0.065879558,0.390216514,0.007022784,0.068981186,0.774300896,5.947040498,0.065533158,0.004906485,0.760491573,0.787989082
142,14,Chu et al. 2021,NCT04405076,mRNA-1273,mRNA,ug,100,US,Day 0/28,Live SARS-CoV-2 virus,MNT 50,321,235,438,32,100,1,>=55,elderly,42,prime,62,GMT/CI,1686,1521,1869,Table 3,3.22685757,2.506505032,0.179736457,0.390216514,0.022826553,0.068981186,0.720352538,5.252336449,0.17883753,0.016557463,0.67500863,0.765797697
159,18,Li et al. 2021,NCT04523571,BNT162b1,mRNA,ug,30,"Jiangsu Province, China",Day 0/21,Live SARS-CoV-2 virus,MNT 50,119.9,70.4,204.6,24,10,0.33,18-55,adult,42,prime,24,GMT/CI,232.9,163,359,Figure 2A (95% CI from Bingyi's data),2.367169489,2.078819183,0.428544284,0.579045591,0.087476236,0.118197186,0.288350305,1.942452043,0.423246635,0.063781155,0.11996299,0.455126164
160,18,Li et al. 2021,NCT04523571,BNT162b1,mRNA,ug,30,"Jiangsu Province, China",Day 0/21,Live SARS-CoV-2 virus,MNT 50,119.9,70.4,204.6,24,10,0.33,65-85,elderly,42,prime,24,GMT/CI,80,50,131,Figure 2A (95% CI from Bingyi's data),1.903089987,2.078819183,0.522767716,0.579045591,0.106709513,0.118197186,-0.175729196,0.667222686,0.515425889,0.078046041,-0.385542738,0.029411402
161,18,Li et al. 2021,NCT04523571,BNT162b1,mRNA,ug,30,"Jiangsu Province, China",Day 0/21,Live SARS-CoV-2 virus,MNT 50,119.9,70.4,204.6,24,30,1,18-55,adult,42,prime,24,GMT/CI,254,185,349,Figure 2A (95% CI from Bingyi's data),2.404833717,2.078819183,0.344495361,0.579045591,0.070319821,0.118197186,0.326014534,2.118432027,0.341244863,0.049992199,0.18853039,0.4685087
162,18,Li et al. 2021,NCT04523571,BNT162b1,mRNA,ug,30,"Jiangsu Province, China",Day 0/21,Live SARS-CoV-2 virus,MNT 50,119.9,70.4,204.6,24,30,1,65-85,elderly,42,prime,24,GMT/CI,160,96,263,Figure 2A (95% CI from Bingyi's data),2.204119983,2.078819183,0.5469917,0.579045591,0.111654213,0.118197186,0.1253008,1.334445371,0.540891224,0.07981653,-0.093617176,0.341539536
173,29,Mulligan et al. 2020,NCT04368728,BNT162b1,mRNA,ug,30,US,Day 0/20,Pseudo wild-type virus,Fluorescent neutralization assay,94,60.5,121,38,10,0.33,18-55,adult,34,prime,12,GMT/CI,180,NA,NA,Figure 4B,2.255272505,1.973127854,0.441705608,0.473386102,0.127509426,0.076793366,0.282144652,1.914893617,0.427810334,0.089461233,0.02864831,0.528293376
174,29,Mulligan et al. 2020,NCT04368728,BNT162b1,mRNA,ug,30,US,Day 0/20,Pseudo wild-type virus,Fluorescent neutralization assay,94,60.5,121,38,30,1,18-55,adult,34,prime,12,GMT/CI,437,NA,NA,Figure 4B,2.640481437,1.973127854,0.441705608,0.473386102,0.127509426,0.076793366,0.667353583,4.64893617,0.432385364,0.095595816,0.415191011,0.919728512
195,38,Chen et al. 2022,ChiCTR2000039212,ARCoV,mRNA,ug,15,"Hangzhou, China",Day 0/28,Live SARS-CoV-2 virus,MNT 50,71,NA,NA,NA,15,1,18-59,adult,43,prime,20,GMT,145,NA,NA,Figure 2C,2.161368002,1.851258349,0.441705608,NA,0.098768377,NA,0.310109654,2.042253521,0.433579461,0.069185582,0.114661465,0.512406741
196,38,Chen et al. 2022,ChiCTR2000039212,ARCoV,mRNA,ug,15,"Hangzhou, China",Day 0/28,Live SARS-CoV-2 virus,MNT 50,71,NA,NA,NA,20,1.33,18-59,adult,43,prime,20,GMT,48,NA,NA,Figure 2C,1.681241237,1.851258349,0.441705608,NA,0.098768377,NA,-0.170017111,0.676056338,0.434826454,0.07073323,-0.363181086,0.020408871
197,38,Chen et al. 2022,ChiCTR2000039212,ARCoV,mRNA,ug,15,"Hangzhou, China",Day 0/28,Live SARS-CoV-2 virus,MNT 50,71,NA,NA,NA,25,1.67,18-59,adult,43,prime,20,GMT,52,NA,NA,Figure 2C,1.716003344,1.851258349,0.441705608,NA,0.098768377,NA,-0.135255005,0.732394366,0.437764063,0.071993193,-0.326190342,0.05609356
198,38,Chen et al. 2022,ChiCTR2000039212,ARCoV,mRNA,ug,15,"Hangzhou, China",Day 0/28,Live SARS-CoV-2 virus,MNT 50,71,NA,NA,NA,5,0.33,18-59,adult,56,prime,20,GMT,42,NA,NA,Figure 2C,1.62324929,1.851258349,0.441705608,NA,0.098768377,NA,-0.228009058,0.591549296,0.436459316,0.072034343,-0.420682754,-0.029072779
199,38,Chen et al. 2022,ChiCTR2000039212,ARCoV,mRNA,ug,15,"Hangzhou, China",Day 0/28,Live SARS-CoV-2 virus,MNT 50,71,NA,NA,NA,10,0.67,18-59,adult,56,prime,20,GMT,78,NA,NA,Figure 2C,1.892094603,1.851258349,0.441705608,NA,0.098768377,NA,0.040836254,1.098591549,0.438921751,0.07067963,-0.147362642,0.225939443